tool,file,line,column,severity,code,rule,message,confidence,complexity,rank,name,entity_type,category,function,variable,crate,vulnerability,misspelling,correction
psscriptanalyzer,D:\Intellicrack\tools\AdobeInjector\Source\Rebranded\build.ps1,61,5,Warning,PSAvoidUsingWriteHost,PSAvoidUsingWriteHost,"File 'build.ps1' uses Write-Host. Avoid using Write-Host because it might not work in all hosts, does not work when there is no host, and (prior to PS 5.0) cannot be suppressed, captured, or redirected. Instead, use Write-Output, Write-Verbose, or Write-Information.",,,,,,,,,,,,
psscriptanalyzer,D:\Intellicrack\tools\AdobeInjector\Source\Rebranded\build.ps1,149,1,Warning,PSAvoidUsingWriteHost,PSAvoidUsingWriteHost,"File 'build.ps1' uses Write-Host. Avoid using Write-Host because it might not work in all hosts, does not work when there is no host, and (prior to PS 5.0) cannot be suppressed, captured, or redirected. Instead, use Write-Output, Write-Verbose, or Write-Information.",,,,,,,,,,,,
psscriptanalyzer,D:\Intellicrack\tools\AdobeInjector\Source\Rebranded\build.ps1,150,1,Warning,PSAvoidUsingWriteHost,PSAvoidUsingWriteHost,"File 'build.ps1' uses Write-Host. Avoid using Write-Host because it might not work in all hosts, does not work when there is no host, and (prior to PS 5.0) cannot be suppressed, captured, or redirected. Instead, use Write-Output, Write-Verbose, or Write-Information.",,,,,,,,,,,,
psscriptanalyzer,D:\Intellicrack\tools\AdobeInjector\Source\Rebranded\build.ps1,151,1,Warning,PSAvoidUsingWriteHost,PSAvoidUsingWriteHost,"File 'build.ps1' uses Write-Host. Avoid using Write-Host because it might not work in all hosts, does not work when there is no host, and (prior to PS 5.0) cannot be suppressed, captured, or redirected. Instead, use Write-Output, Write-Verbose, or Write-Information.",,,,,,,,,,,,
psscriptanalyzer,D:\Intellicrack\tools\AdobeInjector\Source\Rebranded\build.ps1,152,1,Warning,PSAvoidUsingWriteHost,PSAvoidUsingWriteHost,"File 'build.ps1' uses Write-Host. Avoid using Write-Host because it might not work in all hosts, does not work when there is no host, and (prior to PS 5.0) cannot be suppressed, captured, or redirected. Instead, use Write-Output, Write-Verbose, or Write-Information.",,,,,,,,,,,,
psscriptanalyzer,D:\Intellicrack\tools\AdobeInjector\Source\Rebranded\build.ps1,155,5,Warning,PSAvoidUsingWriteHost,PSAvoidUsingWriteHost,"File 'build.ps1' uses Write-Host. Avoid using Write-Host because it might not work in all hosts, does not work when there is no host, and (prior to PS 5.0) cannot be suppressed, captured, or redirected. Instead, use Write-Output, Write-Verbose, or Write-Information.",,,,,,,,,,,,
psscriptanalyzer,D:\Intellicrack\tools\AdobeInjector\Source\Rebranded\build.ps1,158,5,Warning,PSAvoidUsingWriteHost,PSAvoidUsingWriteHost,"File 'build.ps1' uses Write-Host. Avoid using Write-Host because it might not work in all hosts, does not work when there is no host, and (prior to PS 5.0) cannot be suppressed, captured, or redirected. Instead, use Write-Output, Write-Verbose, or Write-Information.",,,,,,,,,,,,
psscriptanalyzer,D:\Intellicrack\tools\AdobeInjector\Source\Rebranded\build.ps1,169,5,Warning,PSAvoidUsingWriteHost,PSAvoidUsingWriteHost,"File 'build.ps1' uses Write-Host. Avoid using Write-Host because it might not work in all hosts, does not work when there is no host, and (prior to PS 5.0) cannot be suppressed, captured, or redirected. Instead, use Write-Output, Write-Verbose, or Write-Information.",,,,,,,,,,,,
psscriptanalyzer,D:\Intellicrack\tools\AdobeInjector\Source\Rebranded\build.ps1,172,5,Warning,PSAvoidUsingWriteHost,PSAvoidUsingWriteHost,"File 'build.ps1' uses Write-Host. Avoid using Write-Host because it might not work in all hosts, does not work when there is no host, and (prior to PS 5.0) cannot be suppressed, captured, or redirected. Instead, use Write-Output, Write-Verbose, or Write-Information.",,,,,,,,,,,,
psscriptanalyzer,D:\Intellicrack\tools\AdobeInjector\Source\Rebranded\build.ps1,180,5,Warning,PSAvoidUsingWriteHost,PSAvoidUsingWriteHost,"File 'build.ps1' uses Write-Host. Avoid using Write-Host because it might not work in all hosts, does not work when there is no host, and (prior to PS 5.0) cannot be suppressed, captured, or redirected. Instead, use Write-Output, Write-Verbose, or Write-Information.",,,,,,,,,,,,
psscriptanalyzer,D:\Intellicrack\tools\AdobeInjector\Source\Rebranded\build.ps1,181,5,Warning,PSAvoidUsingWriteHost,PSAvoidUsingWriteHost,"File 'build.ps1' uses Write-Host. Avoid using Write-Host because it might not work in all hosts, does not work when there is no host, and (prior to PS 5.0) cannot be suppressed, captured, or redirected. Instead, use Write-Output, Write-Verbose, or Write-Information.",,,,,,,,,,,,
psscriptanalyzer,D:\Intellicrack\tools\AdobeInjector\Source\Rebranded\build.ps1,182,41,Warning,PSAvoidUsingWriteHost,PSAvoidUsingWriteHost,"File 'build.ps1' uses Write-Host. Avoid using Write-Host because it might not work in all hosts, does not work when there is no host, and (prior to PS 5.0) cannot be suppressed, captured, or redirected. Instead, use Write-Output, Write-Verbose, or Write-Information.",,,,,,,,,,,,
psscriptanalyzer,D:\Intellicrack\tools\AdobeInjector\Source\Rebranded\build.ps1,184,9,Warning,PSAvoidUsingWriteHost,PSAvoidUsingWriteHost,"File 'build.ps1' uses Write-Host. Avoid using Write-Host because it might not work in all hosts, does not work when there is no host, and (prior to PS 5.0) cannot be suppressed, captured, or redirected. Instead, use Write-Output, Write-Verbose, or Write-Information.",,,,,,,,,,,,
psscriptanalyzer,D:\Intellicrack\tools\AdobeInjector\Source\Rebranded\build.ps1,191,5,Warning,PSAvoidUsingWriteHost,PSAvoidUsingWriteHost,"File 'build.ps1' uses Write-Host. Avoid using Write-Host because it might not work in all hosts, does not work when there is no host, and (prior to PS 5.0) cannot be suppressed, captured, or redirected. Instead, use Write-Output, Write-Verbose, or Write-Information.",,,,,,,,,,,,
psscriptanalyzer,D:\Intellicrack\tools\AdobeInjector\Source\Rebranded\build.ps1,192,5,Warning,PSAvoidUsingWriteHost,PSAvoidUsingWriteHost,"File 'build.ps1' uses Write-Host. Avoid using Write-Host because it might not work in all hosts, does not work when there is no host, and (prior to PS 5.0) cannot be suppressed, captured, or redirected. Instead, use Write-Output, Write-Verbose, or Write-Information.",,,,,,,,,,,,
psscriptanalyzer,D:\Intellicrack\tools\AdobeInjector\Source\Rebranded\build.ps1,197,5,Warning,PSAvoidUsingWriteHost,PSAvoidUsingWriteHost,"File 'build.ps1' uses Write-Host. Avoid using Write-Host because it might not work in all hosts, does not work when there is no host, and (prior to PS 5.0) cannot be suppressed, captured, or redirected. Instead, use Write-Output, Write-Verbose, or Write-Information.",,,,,,,,,,,,
psscriptanalyzer,D:\Intellicrack\tools\AdobeInjector\Source\Rebranded\build.ps1,198,5,Warning,PSAvoidUsingWriteHost,PSAvoidUsingWriteHost,"File 'build.ps1' uses Write-Host. Avoid using Write-Host because it might not work in all hosts, does not work when there is no host, and (prior to PS 5.0) cannot be suppressed, captured, or redirected. Instead, use Write-Output, Write-Verbose, or Write-Information.",,,,,,,,,,,,
psscriptanalyzer,D:\Intellicrack\tools\AdobeInjector\Source\Rebranded\build.ps1,208,13,Warning,PSAvoidUsingWriteHost,PSAvoidUsingWriteHost,"File 'build.ps1' uses Write-Host. Avoid using Write-Host because it might not work in all hosts, does not work when there is no host, and (prior to PS 5.0) cannot be suppressed, captured, or redirected. Instead, use Write-Output, Write-Verbose, or Write-Information.",,,,,,,,,,,,
psscriptanalyzer,D:\Intellicrack\tools\AdobeInjector\Source\Rebranded\build.ps1,237,9,Warning,PSAvoidUsingWriteHost,PSAvoidUsingWriteHost,"File 'build.ps1' uses Write-Host. Avoid using Write-Host because it might not work in all hosts, does not work when there is no host, and (prior to PS 5.0) cannot be suppressed, captured, or redirected. Instead, use Write-Output, Write-Verbose, or Write-Information.",,,,,,,,,,,,
psscriptanalyzer,D:\Intellicrack\tools\AdobeInjector\Source\Rebranded\build.ps1,247,9,Warning,PSAvoidUsingWriteHost,PSAvoidUsingWriteHost,"File 'build.ps1' uses Write-Host. Avoid using Write-Host because it might not work in all hosts, does not work when there is no host, and (prior to PS 5.0) cannot be suppressed, captured, or redirected. Instead, use Write-Output, Write-Verbose, or Write-Information.",,,,,,,,,,,,
psscriptanalyzer,D:\Intellicrack\tools\AdobeInjector\Source\Rebranded\build.ps1,255,5,Warning,PSAvoidUsingWriteHost,PSAvoidUsingWriteHost,"File 'build.ps1' uses Write-Host. Avoid using Write-Host because it might not work in all hosts, does not work when there is no host, and (prior to PS 5.0) cannot be suppressed, captured, or redirected. Instead, use Write-Output, Write-Verbose, or Write-Information.",,,,,,,,,,,,
psscriptanalyzer,D:\Intellicrack\tools\AdobeInjector\Source\Rebranded\build.ps1,256,5,Warning,PSAvoidUsingWriteHost,PSAvoidUsingWriteHost,"File 'build.ps1' uses Write-Host. Avoid using Write-Host because it might not work in all hosts, does not work when there is no host, and (prior to PS 5.0) cannot be suppressed, captured, or redirected. Instead, use Write-Output, Write-Verbose, or Write-Information.",,,,,,,,,,,,
psscriptanalyzer,D:\Intellicrack\tools\AdobeInjector\Source\Rebranded\build.ps1,260,5,Warning,PSAvoidUsingWriteHost,PSAvoidUsingWriteHost,"File 'build.ps1' uses Write-Host. Avoid using Write-Host because it might not work in all hosts, does not work when there is no host, and (prior to PS 5.0) cannot be suppressed, captured, or redirected. Instead, use Write-Output, Write-Verbose, or Write-Information.",,,,,,,,,,,,
psscriptanalyzer,D:\Intellicrack\tools\AdobeInjector\Source\Rebranded\build.ps1,261,5,Warning,PSAvoidUsingWriteHost,PSAvoidUsingWriteHost,"File 'build.ps1' uses Write-Host. Avoid using Write-Host because it might not work in all hosts, does not work when there is no host, and (prior to PS 5.0) cannot be suppressed, captured, or redirected. Instead, use Write-Output, Write-Verbose, or Write-Information.",,,,,,,,,,,,
psscriptanalyzer,D:\Intellicrack\tools\AdobeInjector\Source\Rebranded\build.ps1,263,5,Warning,PSAvoidUsingWriteHost,PSAvoidUsingWriteHost,"File 'build.ps1' uses Write-Host. Avoid using Write-Host because it might not work in all hosts, does not work when there is no host, and (prior to PS 5.0) cannot be suppressed, captured, or redirected. Instead, use Write-Output, Write-Verbose, or Write-Information.",,,,,,,,,,,,
psscriptanalyzer,D:\Intellicrack\tools\AdobeInjector\Source\Rebranded\build.ps1,264,5,Warning,PSAvoidUsingWriteHost,PSAvoidUsingWriteHost,"File 'build.ps1' uses Write-Host. Avoid using Write-Host because it might not work in all hosts, does not work when there is no host, and (prior to PS 5.0) cannot be suppressed, captured, or redirected. Instead, use Write-Output, Write-Verbose, or Write-Information.",,,,,,,,,,,,
psscriptanalyzer,D:\Intellicrack\tools\AdobeInjector\Source\Rebranded\build.ps1,286,9,Warning,PSAvoidUsingWriteHost,PSAvoidUsingWriteHost,"File 'build.ps1' uses Write-Host. Avoid using Write-Host because it might not work in all hosts, does not work when there is no host, and (prior to PS 5.0) cannot be suppressed, captured, or redirected. Instead, use Write-Output, Write-Verbose, or Write-Information.",,,,,,,,,,,,
psscriptanalyzer,D:\Intellicrack\tools\AdobeInjector\Source\Rebranded\build.ps1,296,5,Warning,PSAvoidUsingWriteHost,PSAvoidUsingWriteHost,"File 'build.ps1' uses Write-Host. Avoid using Write-Host because it might not work in all hosts, does not work when there is no host, and (prior to PS 5.0) cannot be suppressed, captured, or redirected. Instead, use Write-Output, Write-Verbose, or Write-Information.",,,,,,,,,,,,
psscriptanalyzer,D:\Intellicrack\tools\AdobeInjector\Source\Rebranded\build.ps1,297,5,Warning,PSAvoidUsingWriteHost,PSAvoidUsingWriteHost,"File 'build.ps1' uses Write-Host. Avoid using Write-Host because it might not work in all hosts, does not work when there is no host, and (prior to PS 5.0) cannot be suppressed, captured, or redirected. Instead, use Write-Output, Write-Verbose, or Write-Information.",,,,,,,,,,,,
psscriptanalyzer,D:\Intellicrack\tools\AdobeInjector\Source\Rebranded\build.ps1,299,9,Warning,PSAvoidUsingWriteHost,PSAvoidUsingWriteHost,"File 'build.ps1' uses Write-Host. Avoid using Write-Host because it might not work in all hosts, does not work when there is no host, and (prior to PS 5.0) cannot be suppressed, captured, or redirected. Instead, use Write-Output, Write-Verbose, or Write-Information.",,,,,,,,,,,,
psscriptanalyzer,D:\Intellicrack\tools\AdobeInjector\Source\Rebranded\build.ps1,301,9,Warning,PSAvoidUsingWriteHost,PSAvoidUsingWriteHost,"File 'build.ps1' uses Write-Host. Avoid using Write-Host because it might not work in all hosts, does not work when there is no host, and (prior to PS 5.0) cannot be suppressed, captured, or redirected. Instead, use Write-Output, Write-Verbose, or Write-Information.",,,,,,,,,,,,
psscriptanalyzer,D:\Intellicrack\tools\AdobeInjector\Source\Rebranded\build.ps1,326,9,Warning,PSAvoidUsingWriteHost,PSAvoidUsingWriteHost,"File 'build.ps1' uses Write-Host. Avoid using Write-Host because it might not work in all hosts, does not work when there is no host, and (prior to PS 5.0) cannot be suppressed, captured, or redirected. Instead, use Write-Output, Write-Verbose, or Write-Information.",,,,,,,,,,,,
psscriptanalyzer,D:\Intellicrack\tools\AdobeInjector\Source\Rebranded\build.ps1,334,5,Warning,PSAvoidUsingWriteHost,PSAvoidUsingWriteHost,"File 'build.ps1' uses Write-Host. Avoid using Write-Host because it might not work in all hosts, does not work when there is no host, and (prior to PS 5.0) cannot be suppressed, captured, or redirected. Instead, use Write-Output, Write-Verbose, or Write-Information.",,,,,,,,,,,,
psscriptanalyzer,D:\Intellicrack\tools\AdobeInjector\Source\Rebranded\build.ps1,335,5,Warning,PSAvoidUsingWriteHost,PSAvoidUsingWriteHost,"File 'build.ps1' uses Write-Host. Avoid using Write-Host because it might not work in all hosts, does not work when there is no host, and (prior to PS 5.0) cannot be suppressed, captured, or redirected. Instead, use Write-Output, Write-Verbose, or Write-Information.",,,,,,,,,,,,
psscriptanalyzer,D:\Intellicrack\tools\AdobeInjector\Source\Rebranded\build.ps1,339,5,Warning,PSAvoidUsingWriteHost,PSAvoidUsingWriteHost,"File 'build.ps1' uses Write-Host. Avoid using Write-Host because it might not work in all hosts, does not work when there is no host, and (prior to PS 5.0) cannot be suppressed, captured, or redirected. Instead, use Write-Output, Write-Verbose, or Write-Information.",,,,,,,,,,,,
psscriptanalyzer,D:\Intellicrack\tools\AdobeInjector\Source\Rebranded\build.ps1,340,5,Warning,PSAvoidUsingWriteHost,PSAvoidUsingWriteHost,"File 'build.ps1' uses Write-Host. Avoid using Write-Host because it might not work in all hosts, does not work when there is no host, and (prior to PS 5.0) cannot be suppressed, captured, or redirected. Instead, use Write-Output, Write-Verbose, or Write-Information.",,,,,,,,,,,,
psscriptanalyzer,D:\Intellicrack\tools\AdobeInjector\Source\Rebranded\build.ps1,342,9,Warning,PSAvoidUsingWriteHost,PSAvoidUsingWriteHost,"File 'build.ps1' uses Write-Host. Avoid using Write-Host because it might not work in all hosts, does not work when there is no host, and (prior to PS 5.0) cannot be suppressed, captured, or redirected. Instead, use Write-Output, Write-Verbose, or Write-Information.",,,,,,,,,,,,
psscriptanalyzer,D:\Intellicrack\tools\AdobeInjector\Source\Rebranded\build.ps1,345,9,Warning,PSAvoidUsingWriteHost,PSAvoidUsingWriteHost,"File 'build.ps1' uses Write-Host. Avoid using Write-Host because it might not work in all hosts, does not work when there is no host, and (prior to PS 5.0) cannot be suppressed, captured, or redirected. Instead, use Write-Output, Write-Verbose, or Write-Information.",,,,,,,,,,,,
psscriptanalyzer,D:\Intellicrack\tools\AdobeInjector\Source\Rebranded\build.ps1,370,9,Warning,PSAvoidUsingWriteHost,PSAvoidUsingWriteHost,"File 'build.ps1' uses Write-Host. Avoid using Write-Host because it might not work in all hosts, does not work when there is no host, and (prior to PS 5.0) cannot be suppressed, captured, or redirected. Instead, use Write-Output, Write-Verbose, or Write-Information.",,,,,,,,,,,,
psscriptanalyzer,D:\Intellicrack\tools\AdobeInjector\Source\Rebranded\build.ps1,379,9,Warning,PSAvoidUsingWriteHost,PSAvoidUsingWriteHost,"File 'build.ps1' uses Write-Host. Avoid using Write-Host because it might not work in all hosts, does not work when there is no host, and (prior to PS 5.0) cannot be suppressed, captured, or redirected. Instead, use Write-Output, Write-Verbose, or Write-Information.",,,,,,,,,,,,
psscriptanalyzer,D:\Intellicrack\tools\AdobeInjector\Source\Rebranded\build.ps1,380,9,Warning,PSAvoidUsingWriteHost,PSAvoidUsingWriteHost,"File 'build.ps1' uses Write-Host. Avoid using Write-Host because it might not work in all hosts, does not work when there is no host, and (prior to PS 5.0) cannot be suppressed, captured, or redirected. Instead, use Write-Output, Write-Verbose, or Write-Information.",,,,,,,,,,,,
psscriptanalyzer,D:\Intellicrack\tools\AdobeInjector\Source\Rebranded\build.ps1,384,1,Warning,PSAvoidUsingWriteHost,PSAvoidUsingWriteHost,"File 'build.ps1' uses Write-Host. Avoid using Write-Host because it might not work in all hosts, does not work when there is no host, and (prior to PS 5.0) cannot be suppressed, captured, or redirected. Instead, use Write-Output, Write-Verbose, or Write-Information.",,,,,,,,,,,,
psscriptanalyzer,D:\Intellicrack\tools\AdobeInjector\Source\Rebranded\build.ps1,385,1,Warning,PSAvoidUsingWriteHost,PSAvoidUsingWriteHost,"File 'build.ps1' uses Write-Host. Avoid using Write-Host because it might not work in all hosts, does not work when there is no host, and (prior to PS 5.0) cannot be suppressed, captured, or redirected. Instead, use Write-Output, Write-Verbose, or Write-Information.",,,,,,,,,,,,
psscriptanalyzer,D:\Intellicrack\tools\AdobeInjector\Source\Rebranded\build.ps1,396,13,Warning,PSAvoidUsingWriteHost,PSAvoidUsingWriteHost,"File 'build.ps1' uses Write-Host. Avoid using Write-Host because it might not work in all hosts, does not work when there is no host, and (prior to PS 5.0) cannot be suppressed, captured, or redirected. Instead, use Write-Output, Write-Verbose, or Write-Information.",,,,,,,,,,,,
psscriptanalyzer,D:\Intellicrack\tools\AdobeInjector\Source\Rebranded\build.ps1,407,5,Warning,PSAvoidUsingWriteHost,PSAvoidUsingWriteHost,"File 'build.ps1' uses Write-Host. Avoid using Write-Host because it might not work in all hosts, does not work when there is no host, and (prior to PS 5.0) cannot be suppressed, captured, or redirected. Instead, use Write-Output, Write-Verbose, or Write-Information.",,,,,,,,,,,,
psscriptanalyzer,D:\Intellicrack\tools\AdobeInjector\Source\Rebranded\build.ps1,424,5,Warning,PSAvoidUsingWriteHost,PSAvoidUsingWriteHost,"File 'build.ps1' uses Write-Host. Avoid using Write-Host because it might not work in all hosts, does not work when there is no host, and (prior to PS 5.0) cannot be suppressed, captured, or redirected. Instead, use Write-Output, Write-Verbose, or Write-Information.",,,,,,,,,,,,
psscriptanalyzer,D:\Intellicrack\tools\AdobeInjector\Source\Rebranded\build.ps1,435,9,Warning,PSAvoidUsingWriteHost,PSAvoidUsingWriteHost,"File 'build.ps1' uses Write-Host. Avoid using Write-Host because it might not work in all hosts, does not work when there is no host, and (prior to PS 5.0) cannot be suppressed, captured, or redirected. Instead, use Write-Output, Write-Verbose, or Write-Information.",,,,,,,,,,,,
psscriptanalyzer,D:\Intellicrack\tools\AdobeInjector\Source\Rebranded\build.ps1,436,9,Warning,PSAvoidUsingWriteHost,PSAvoidUsingWriteHost,"File 'build.ps1' uses Write-Host. Avoid using Write-Host because it might not work in all hosts, does not work when there is no host, and (prior to PS 5.0) cannot be suppressed, captured, or redirected. Instead, use Write-Output, Write-Verbose, or Write-Information.",,,,,,,,,,,,
psscriptanalyzer,D:\Intellicrack\tools\AdobeInjector\Source\Rebranded\build.ps1,453,5,Warning,PSAvoidUsingWriteHost,PSAvoidUsingWriteHost,"File 'build.ps1' uses Write-Host. Avoid using Write-Host because it might not work in all hosts, does not work when there is no host, and (prior to PS 5.0) cannot be suppressed, captured, or redirected. Instead, use Write-Output, Write-Verbose, or Write-Information.",,,,,,,,,,,,
psscriptanalyzer,D:\Intellicrack\tools\AdobeInjector\Source\Rebranded\build.ps1,454,5,Warning,PSAvoidUsingWriteHost,PSAvoidUsingWriteHost,"File 'build.ps1' uses Write-Host. Avoid using Write-Host because it might not work in all hosts, does not work when there is no host, and (prior to PS 5.0) cannot be suppressed, captured, or redirected. Instead, use Write-Output, Write-Verbose, or Write-Information.",,,,,,,,,,,,
psscriptanalyzer,D:\Intellicrack\tools\AdobeInjector\Source\Rebranded\build.ps1,459,5,Warning,PSAvoidUsingWriteHost,PSAvoidUsingWriteHost,"File 'build.ps1' uses Write-Host. Avoid using Write-Host because it might not work in all hosts, does not work when there is no host, and (prior to PS 5.0) cannot be suppressed, captured, or redirected. Instead, use Write-Output, Write-Verbose, or Write-Information.",,,,,,,,,,,,
psscriptanalyzer,D:\Intellicrack\tools\AdobeInjector\Source\Rebranded\build.ps1,464,1,Warning,PSAvoidUsingWriteHost,PSAvoidUsingWriteHost,"File 'build.ps1' uses Write-Host. Avoid using Write-Host because it might not work in all hosts, does not work when there is no host, and (prior to PS 5.0) cannot be suppressed, captured, or redirected. Instead, use Write-Output, Write-Verbose, or Write-Information.",,,,,,,,,,,,
psscriptanalyzer,D:\Intellicrack\tools\AdobeInjector\Source\Rebranded\build.ps1,465,1,Warning,PSAvoidUsingWriteHost,PSAvoidUsingWriteHost,"File 'build.ps1' uses Write-Host. Avoid using Write-Host because it might not work in all hosts, does not work when there is no host, and (prior to PS 5.0) cannot be suppressed, captured, or redirected. Instead, use Write-Output, Write-Verbose, or Write-Information.",,,,,,,,,,,,
psscriptanalyzer,D:\Intellicrack\tools\AdobeInjector\Source\Rebranded\build.ps1,466,1,Warning,PSAvoidUsingWriteHost,PSAvoidUsingWriteHost,"File 'build.ps1' uses Write-Host. Avoid using Write-Host because it might not work in all hosts, does not work when there is no host, and (prior to PS 5.0) cannot be suppressed, captured, or redirected. Instead, use Write-Output, Write-Verbose, or Write-Information.",,,,,,,,,,,,
psscriptanalyzer,D:\Intellicrack\tools\AdobeInjector\Source\Rebranded\build.ps1,467,1,Warning,PSAvoidUsingWriteHost,PSAvoidUsingWriteHost,"File 'build.ps1' uses Write-Host. Avoid using Write-Host because it might not work in all hosts, does not work when there is no host, and (prior to PS 5.0) cannot be suppressed, captured, or redirected. Instead, use Write-Output, Write-Verbose, or Write-Information.",,,,,,,,,,,,
psscriptanalyzer,D:\Intellicrack\tools\AdobeInjector\Source\Rebranded\build.ps1,468,1,Warning,PSAvoidUsingWriteHost,PSAvoidUsingWriteHost,"File 'build.ps1' uses Write-Host. Avoid using Write-Host because it might not work in all hosts, does not work when there is no host, and (prior to PS 5.0) cannot be suppressed, captured, or redirected. Instead, use Write-Output, Write-Verbose, or Write-Information.",,,,,,,,,,,,
psscriptanalyzer,D:\Intellicrack\tools\AdobeInjector\Source\Rebranded\build.ps1,469,1,Warning,PSAvoidUsingWriteHost,PSAvoidUsingWriteHost,"File 'build.ps1' uses Write-Host. Avoid using Write-Host because it might not work in all hosts, does not work when there is no host, and (prior to PS 5.0) cannot be suppressed, captured, or redirected. Instead, use Write-Output, Write-Verbose, or Write-Information.",,,,,,,,,,,,
psscriptanalyzer,D:\Intellicrack\tools\AdobeInjector\Source\Rebranded\build.ps1,470,1,Warning,PSAvoidUsingWriteHost,PSAvoidUsingWriteHost,"File 'build.ps1' uses Write-Host. Avoid using Write-Host because it might not work in all hosts, does not work when there is no host, and (prior to PS 5.0) cannot be suppressed, captured, or redirected. Instead, use Write-Output, Write-Verbose, or Write-Information.",,,,,,,,,,,,
psscriptanalyzer,D:\Intellicrack\tools\AdobeInjector\Source\Rebranded\build.ps1,471,1,Warning,PSAvoidUsingWriteHost,PSAvoidUsingWriteHost,"File 'build.ps1' uses Write-Host. Avoid using Write-Host because it might not work in all hosts, does not work when there is no host, and (prior to PS 5.0) cannot be suppressed, captured, or redirected. Instead, use Write-Output, Write-Verbose, or Write-Information.",,,,,,,,,,,,
psscriptanalyzer,D:\Intellicrack\tools\AdobeInjector\Source\Rebranded\build.ps1,472,1,Warning,PSAvoidUsingWriteHost,PSAvoidUsingWriteHost,"File 'build.ps1' uses Write-Host. Avoid using Write-Host because it might not work in all hosts, does not work when there is no host, and (prior to PS 5.0) cannot be suppressed, captured, or redirected. Instead, use Write-Output, Write-Verbose, or Write-Information.",,,,,,,,,,,,
psscriptanalyzer,D:\Intellicrack\tools\AdobeInjector\Source\Rebranded\build.ps1,473,1,Warning,PSAvoidUsingWriteHost,PSAvoidUsingWriteHost,"File 'build.ps1' uses Write-Host. Avoid using Write-Host because it might not work in all hosts, does not work when there is no host, and (prior to PS 5.0) cannot be suppressed, captured, or redirected. Instead, use Write-Output, Write-Verbose, or Write-Information.",,,,,,,,,,,,
psscriptanalyzer,D:\Intellicrack\tools\AdobeInjector\Source\Rebranded\build.ps1,66,10,Warning,PSUseApprovedVerbs,PSUseApprovedVerbs,The cmdlet 'Download-File' uses an unapproved verb.,,,,,,,,,,,,
psscriptanalyzer,D:\Intellicrack\tools\AdobeInjector\Source\GenP.v3.7.1\v3.7.1-Source\build.ps1,53,9,Warning,PSAvoidUsingWriteHost,PSAvoidUsingWriteHost,"File 'build.ps1' uses Write-Host. Avoid using Write-Host because it might not work in all hosts, does not work when there is no host, and (prior to PS 5.0) cannot be suppressed, captured, or redirected. Instead, use Write-Output, Write-Verbose, or Write-Information.",,,,,,,,,,,,
psscriptanalyzer,D:\Intellicrack\tools\AdobeInjector\Source\GenP.v3.7.1\v3.7.1-Source\build.ps1,54,9,Warning,PSAvoidUsingWriteHost,PSAvoidUsingWriteHost,"File 'build.ps1' uses Write-Host. Avoid using Write-Host because it might not work in all hosts, does not work when there is no host, and (prior to PS 5.0) cannot be suppressed, captured, or redirected. Instead, use Write-Output, Write-Verbose, or Write-Information.",,,,,,,,,,,,
psscriptanalyzer,D:\Intellicrack\tools\AdobeInjector\Source\GenP.v3.7.1\v3.7.1-Source\build.ps1,55,9,Warning,PSAvoidUsingWriteHost,PSAvoidUsingWriteHost,"File 'build.ps1' uses Write-Host. Avoid using Write-Host because it might not work in all hosts, does not work when there is no host, and (prior to PS 5.0) cannot be suppressed, captured, or redirected. Instead, use Write-Output, Write-Verbose, or Write-Information.",,,,,,,,,,,,
psscriptanalyzer,D:\Intellicrack\tools\AdobeInjector\Source\GenP.v3.7.1\v3.7.1-Source\build.ps1,71,5,Warning,PSAvoidUsingWriteHost,PSAvoidUsingWriteHost,"File 'build.ps1' uses Write-Host. Avoid using Write-Host because it might not work in all hosts, does not work when there is no host, and (prior to PS 5.0) cannot be suppressed, captured, or redirected. Instead, use Write-Output, Write-Verbose, or Write-Information.",,,,,,,,,,,,
psscriptanalyzer,D:\Intellicrack\tools\AdobeInjector\Source\GenP.v3.7.1\v3.7.1-Source\build.ps1,159,1,Warning,PSAvoidUsingWriteHost,PSAvoidUsingWriteHost,"File 'build.ps1' uses Write-Host. Avoid using Write-Host because it might not work in all hosts, does not work when there is no host, and (prior to PS 5.0) cannot be suppressed, captured, or redirected. Instead, use Write-Output, Write-Verbose, or Write-Information.",,,,,,,,,,,,
psscriptanalyzer,D:\Intellicrack\tools\AdobeInjector\Source\GenP.v3.7.1\v3.7.1-Source\build.ps1,162,5,Warning,PSAvoidUsingWriteHost,PSAvoidUsingWriteHost,"File 'build.ps1' uses Write-Host. Avoid using Write-Host because it might not work in all hosts, does not work when there is no host, and (prior to PS 5.0) cannot be suppressed, captured, or redirected. Instead, use Write-Output, Write-Verbose, or Write-Information.",,,,,,,,,,,,
psscriptanalyzer,D:\Intellicrack\tools\AdobeInjector\Source\GenP.v3.7.1\v3.7.1-Source\build.ps1,165,5,Warning,PSAvoidUsingWriteHost,PSAvoidUsingWriteHost,"File 'build.ps1' uses Write-Host. Avoid using Write-Host because it might not work in all hosts, does not work when there is no host, and (prior to PS 5.0) cannot be suppressed, captured, or redirected. Instead, use Write-Output, Write-Verbose, or Write-Information.",,,,,,,,,,,,
psscriptanalyzer,D:\Intellicrack\tools\AdobeInjector\Source\GenP.v3.7.1\v3.7.1-Source\build.ps1,176,5,Warning,PSAvoidUsingWriteHost,PSAvoidUsingWriteHost,"File 'build.ps1' uses Write-Host. Avoid using Write-Host because it might not work in all hosts, does not work when there is no host, and (prior to PS 5.0) cannot be suppressed, captured, or redirected. Instead, use Write-Output, Write-Verbose, or Write-Information.",,,,,,,,,,,,
psscriptanalyzer,D:\Intellicrack\tools\AdobeInjector\Source\GenP.v3.7.1\v3.7.1-Source\build.ps1,179,5,Warning,PSAvoidUsingWriteHost,PSAvoidUsingWriteHost,"File 'build.ps1' uses Write-Host. Avoid using Write-Host because it might not work in all hosts, does not work when there is no host, and (prior to PS 5.0) cannot be suppressed, captured, or redirected. Instead, use Write-Output, Write-Verbose, or Write-Information.",,,,,,,,,,,,
psscriptanalyzer,D:\Intellicrack\tools\AdobeInjector\Source\GenP.v3.7.1\v3.7.1-Source\build.ps1,187,5,Warning,PSAvoidUsingWriteHost,PSAvoidUsingWriteHost,"File 'build.ps1' uses Write-Host. Avoid using Write-Host because it might not work in all hosts, does not work when there is no host, and (prior to PS 5.0) cannot be suppressed, captured, or redirected. Instead, use Write-Output, Write-Verbose, or Write-Information.",,,,,,,,,,,,
psscriptanalyzer,D:\Intellicrack\tools\AdobeInjector\Source\GenP.v3.7.1\v3.7.1-Source\build.ps1,188,41,Warning,PSAvoidUsingWriteHost,PSAvoidUsingWriteHost,"File 'build.ps1' uses Write-Host. Avoid using Write-Host because it might not work in all hosts, does not work when there is no host, and (prior to PS 5.0) cannot be suppressed, captured, or redirected. Instead, use Write-Output, Write-Verbose, or Write-Information.",,,,,,,,,,,,
psscriptanalyzer,D:\Intellicrack\tools\AdobeInjector\Source\GenP.v3.7.1\v3.7.1-Source\build.ps1,190,9,Warning,PSAvoidUsingWriteHost,PSAvoidUsingWriteHost,"File 'build.ps1' uses Write-Host. Avoid using Write-Host because it might not work in all hosts, does not work when there is no host, and (prior to PS 5.0) cannot be suppressed, captured, or redirected. Instead, use Write-Output, Write-Verbose, or Write-Information.",,,,,,,,,,,,
psscriptanalyzer,D:\Intellicrack\tools\AdobeInjector\Source\GenP.v3.7.1\v3.7.1-Source\build.ps1,197,5,Warning,PSAvoidUsingWriteHost,PSAvoidUsingWriteHost,"File 'build.ps1' uses Write-Host. Avoid using Write-Host because it might not work in all hosts, does not work when there is no host, and (prior to PS 5.0) cannot be suppressed, captured, or redirected. Instead, use Write-Output, Write-Verbose, or Write-Information.",,,,,,,,,,,,
psscriptanalyzer,D:\Intellicrack\tools\AdobeInjector\Source\GenP.v3.7.1\v3.7.1-Source\build.ps1,198,5,Warning,PSAvoidUsingWriteHost,PSAvoidUsingWriteHost,"File 'build.ps1' uses Write-Host. Avoid using Write-Host because it might not work in all hosts, does not work when there is no host, and (prior to PS 5.0) cannot be suppressed, captured, or redirected. Instead, use Write-Output, Write-Verbose, or Write-Information.",,,,,,,,,,,,
psscriptanalyzer,D:\Intellicrack\tools\AdobeInjector\Source\GenP.v3.7.1\v3.7.1-Source\build.ps1,203,5,Warning,PSAvoidUsingWriteHost,PSAvoidUsingWriteHost,"File 'build.ps1' uses Write-Host. Avoid using Write-Host because it might not work in all hosts, does not work when there is no host, and (prior to PS 5.0) cannot be suppressed, captured, or redirected. Instead, use Write-Output, Write-Verbose, or Write-Information.",,,,,,,,,,,,
psscriptanalyzer,D:\Intellicrack\tools\AdobeInjector\Source\GenP.v3.7.1\v3.7.1-Source\build.ps1,204,5,Warning,PSAvoidUsingWriteHost,PSAvoidUsingWriteHost,"File 'build.ps1' uses Write-Host. Avoid using Write-Host because it might not work in all hosts, does not work when there is no host, and (prior to PS 5.0) cannot be suppressed, captured, or redirected. Instead, use Write-Output, Write-Verbose, or Write-Information.",,,,,,,,,,,,
psscriptanalyzer,D:\Intellicrack\tools\AdobeInjector\Source\GenP.v3.7.1\v3.7.1-Source\build.ps1,214,13,Warning,PSAvoidUsingWriteHost,PSAvoidUsingWriteHost,"File 'build.ps1' uses Write-Host. Avoid using Write-Host because it might not work in all hosts, does not work when there is no host, and (prior to PS 5.0) cannot be suppressed, captured, or redirected. Instead, use Write-Output, Write-Verbose, or Write-Information.",,,,,,,,,,,,
psscriptanalyzer,D:\Intellicrack\tools\AdobeInjector\Source\GenP.v3.7.1\v3.7.1-Source\build.ps1,243,9,Warning,PSAvoidUsingWriteHost,PSAvoidUsingWriteHost,"File 'build.ps1' uses Write-Host. Avoid using Write-Host because it might not work in all hosts, does not work when there is no host, and (prior to PS 5.0) cannot be suppressed, captured, or redirected. Instead, use Write-Output, Write-Verbose, or Write-Information.",,,,,,,,,,,,
psscriptanalyzer,D:\Intellicrack\tools\AdobeInjector\Source\GenP.v3.7.1\v3.7.1-Source\build.ps1,253,9,Warning,PSAvoidUsingWriteHost,PSAvoidUsingWriteHost,"File 'build.ps1' uses Write-Host. Avoid using Write-Host because it might not work in all hosts, does not work when there is no host, and (prior to PS 5.0) cannot be suppressed, captured, or redirected. Instead, use Write-Output, Write-Verbose, or Write-Information.",,,,,,,,,,,,
psscriptanalyzer,D:\Intellicrack\tools\AdobeInjector\Source\GenP.v3.7.1\v3.7.1-Source\build.ps1,264,5,Warning,PSAvoidUsingWriteHost,PSAvoidUsingWriteHost,"File 'build.ps1' uses Write-Host. Avoid using Write-Host because it might not work in all hosts, does not work when there is no host, and (prior to PS 5.0) cannot be suppressed, captured, or redirected. Instead, use Write-Output, Write-Verbose, or Write-Information.",,,,,,,,,,,,
psscriptanalyzer,D:\Intellicrack\tools\AdobeInjector\Source\GenP.v3.7.1\v3.7.1-Source\build.ps1,265,5,Warning,PSAvoidUsingWriteHost,PSAvoidUsingWriteHost,"File 'build.ps1' uses Write-Host. Avoid using Write-Host because it might not work in all hosts, does not work when there is no host, and (prior to PS 5.0) cannot be suppressed, captured, or redirected. Instead, use Write-Output, Write-Verbose, or Write-Information.",,,,,,,,,,,,
psscriptanalyzer,D:\Intellicrack\tools\AdobeInjector\Source\GenP.v3.7.1\v3.7.1-Source\build.ps1,287,9,Warning,PSAvoidUsingWriteHost,PSAvoidUsingWriteHost,"File 'build.ps1' uses Write-Host. Avoid using Write-Host because it might not work in all hosts, does not work when there is no host, and (prior to PS 5.0) cannot be suppressed, captured, or redirected. Instead, use Write-Output, Write-Verbose, or Write-Information.",,,,,,,,,,,,
psscriptanalyzer,D:\Intellicrack\tools\AdobeInjector\Source\GenP.v3.7.1\v3.7.1-Source\build.ps1,297,5,Warning,PSAvoidUsingWriteHost,PSAvoidUsingWriteHost,"File 'build.ps1' uses Write-Host. Avoid using Write-Host because it might not work in all hosts, does not work when there is no host, and (prior to PS 5.0) cannot be suppressed, captured, or redirected. Instead, use Write-Output, Write-Verbose, or Write-Information.",,,,,,,,,,,,
psscriptanalyzer,D:\Intellicrack\tools\AdobeInjector\Source\GenP.v3.7.1\v3.7.1-Source\build.ps1,298,5,Warning,PSAvoidUsingWriteHost,PSAvoidUsingWriteHost,"File 'build.ps1' uses Write-Host. Avoid using Write-Host because it might not work in all hosts, does not work when there is no host, and (prior to PS 5.0) cannot be suppressed, captured, or redirected. Instead, use Write-Output, Write-Verbose, or Write-Information.",,,,,,,,,,,,
psscriptanalyzer,D:\Intellicrack\tools\AdobeInjector\Source\GenP.v3.7.1\v3.7.1-Source\build.ps1,301,9,Warning,PSAvoidUsingWriteHost,PSAvoidUsingWriteHost,"File 'build.ps1' uses Write-Host. Avoid using Write-Host because it might not work in all hosts, does not work when there is no host, and (prior to PS 5.0) cannot be suppressed, captured, or redirected. Instead, use Write-Output, Write-Verbose, or Write-Information.",,,,,,,,,,,,
psscriptanalyzer,D:\Intellicrack\tools\AdobeInjector\Source\GenP.v3.7.1\v3.7.1-Source\build.ps1,326,9,Warning,PSAvoidUsingWriteHost,PSAvoidUsingWriteHost,"File 'build.ps1' uses Write-Host. Avoid using Write-Host because it might not work in all hosts, does not work when there is no host, and (prior to PS 5.0) cannot be suppressed, captured, or redirected. Instead, use Write-Output, Write-Verbose, or Write-Information.",,,,,,,,,,,,
psscriptanalyzer,D:\Intellicrack\tools\AdobeInjector\Source\GenP.v3.7.1\v3.7.1-Source\build.ps1,336,5,Warning,PSAvoidUsingWriteHost,PSAvoidUsingWriteHost,"File 'build.ps1' uses Write-Host. Avoid using Write-Host because it might not work in all hosts, does not work when there is no host, and (prior to PS 5.0) cannot be suppressed, captured, or redirected. Instead, use Write-Output, Write-Verbose, or Write-Information.",,,,,,,,,,,,
psscriptanalyzer,D:\Intellicrack\tools\AdobeInjector\Source\GenP.v3.7.1\v3.7.1-Source\build.ps1,337,5,Warning,PSAvoidUsingWriteHost,PSAvoidUsingWriteHost,"File 'build.ps1' uses Write-Host. Avoid using Write-Host because it might not work in all hosts, does not work when there is no host, and (prior to PS 5.0) cannot be suppressed, captured, or redirected. Instead, use Write-Output, Write-Verbose, or Write-Information.",,,,,,,,,,,,
psscriptanalyzer,D:\Intellicrack\tools\AdobeInjector\Source\GenP.v3.7.1\v3.7.1-Source\build.ps1,341,9,Warning,PSAvoidUsingWriteHost,PSAvoidUsingWriteHost,"File 'build.ps1' uses Write-Host. Avoid using Write-Host because it might not work in all hosts, does not work when there is no host, and (prior to PS 5.0) cannot be suppressed, captured, or redirected. Instead, use Write-Output, Write-Verbose, or Write-Information.",,,,,,,,,,,,
psscriptanalyzer,D:\Intellicrack\tools\AdobeInjector\Source\GenP.v3.7.1\v3.7.1-Source\build.ps1,366,9,Warning,PSAvoidUsingWriteHost,PSAvoidUsingWriteHost,"File 'build.ps1' uses Write-Host. Avoid using Write-Host because it might not work in all hosts, does not work when there is no host, and (prior to PS 5.0) cannot be suppressed, captured, or redirected. Instead, use Write-Output, Write-Verbose, or Write-Information.",,,,,,,,,,,,
psscriptanalyzer,D:\Intellicrack\tools\AdobeInjector\Source\GenP.v3.7.1\v3.7.1-Source\build.ps1,375,1,Warning,PSAvoidUsingWriteHost,PSAvoidUsingWriteHost,"File 'build.ps1' uses Write-Host. Avoid using Write-Host because it might not work in all hosts, does not work when there is no host, and (prior to PS 5.0) cannot be suppressed, captured, or redirected. Instead, use Write-Output, Write-Verbose, or Write-Information.",,,,,,,,,,,,
psscriptanalyzer,D:\Intellicrack\tools\AdobeInjector\Source\GenP.v3.7.1\v3.7.1-Source\build.ps1,376,1,Warning,PSAvoidUsingWriteHost,PSAvoidUsingWriteHost,"File 'build.ps1' uses Write-Host. Avoid using Write-Host because it might not work in all hosts, does not work when there is no host, and (prior to PS 5.0) cannot be suppressed, captured, or redirected. Instead, use Write-Output, Write-Verbose, or Write-Information.",,,,,,,,,,,,
psscriptanalyzer,D:\Intellicrack\tools\AdobeInjector\Source\GenP.v3.7.1\v3.7.1-Source\build.ps1,387,13,Warning,PSAvoidUsingWriteHost,PSAvoidUsingWriteHost,"File 'build.ps1' uses Write-Host. Avoid using Write-Host because it might not work in all hosts, does not work when there is no host, and (prior to PS 5.0) cannot be suppressed, captured, or redirected. Instead, use Write-Output, Write-Verbose, or Write-Information.",,,,,,,,,,,,
psscriptanalyzer,D:\Intellicrack\tools\AdobeInjector\Source\GenP.v3.7.1\v3.7.1-Source\build.ps1,398,5,Warning,PSAvoidUsingWriteHost,PSAvoidUsingWriteHost,"File 'build.ps1' uses Write-Host. Avoid using Write-Host because it might not work in all hosts, does not work when there is no host, and (prior to PS 5.0) cannot be suppressed, captured, or redirected. Instead, use Write-Output, Write-Verbose, or Write-Information.",,,,,,,,,,,,
psscriptanalyzer,D:\Intellicrack\tools\AdobeInjector\Source\GenP.v3.7.1\v3.7.1-Source\build.ps1,410,5,Warning,PSAvoidUsingWriteHost,PSAvoidUsingWriteHost,"File 'build.ps1' uses Write-Host. Avoid using Write-Host because it might not work in all hosts, does not work when there is no host, and (prior to PS 5.0) cannot be suppressed, captured, or redirected. Instead, use Write-Output, Write-Verbose, or Write-Information.",,,,,,,,,,,,
psscriptanalyzer,D:\Intellicrack\tools\AdobeInjector\Source\GenP.v3.7.1\v3.7.1-Source\build.ps1,419,9,Warning,PSAvoidUsingWriteHost,PSAvoidUsingWriteHost,"File 'build.ps1' uses Write-Host. Avoid using Write-Host because it might not work in all hosts, does not work when there is no host, and (prior to PS 5.0) cannot be suppressed, captured, or redirected. Instead, use Write-Output, Write-Verbose, or Write-Information.",,,,,,,,,,,,
psscriptanalyzer,D:\Intellicrack\tools\AdobeInjector\Source\GenP.v3.7.1\v3.7.1-Source\build.ps1,422,13,Warning,PSAvoidUsingWriteHost,PSAvoidUsingWriteHost,"File 'build.ps1' uses Write-Host. Avoid using Write-Host because it might not work in all hosts, does not work when there is no host, and (prior to PS 5.0) cannot be suppressed, captured, or redirected. Instead, use Write-Output, Write-Verbose, or Write-Information.",,,,,,,,,,,,
psscriptanalyzer,D:\Intellicrack\tools\AdobeInjector\Source\GenP.v3.7.1\v3.7.1-Source\build.ps1,429,9,Warning,PSAvoidUsingWriteHost,PSAvoidUsingWriteHost,"File 'build.ps1' uses Write-Host. Avoid using Write-Host because it might not work in all hosts, does not work when there is no host, and (prior to PS 5.0) cannot be suppressed, captured, or redirected. Instead, use Write-Output, Write-Verbose, or Write-Information.",,,,,,,,,,,,
psscriptanalyzer,D:\Intellicrack\tools\AdobeInjector\Source\GenP.v3.7.1\v3.7.1-Source\build.ps1,439,5,Warning,PSAvoidUsingWriteHost,PSAvoidUsingWriteHost,"File 'build.ps1' uses Write-Host. Avoid using Write-Host because it might not work in all hosts, does not work when there is no host, and (prior to PS 5.0) cannot be suppressed, captured, or redirected. Instead, use Write-Output, Write-Verbose, or Write-Information.",,,,,,,,,,,,
psscriptanalyzer,D:\Intellicrack\tools\AdobeInjector\Source\GenP.v3.7.1\v3.7.1-Source\build.ps1,443,5,Warning,PSAvoidUsingWriteHost,PSAvoidUsingWriteHost,"File 'build.ps1' uses Write-Host. Avoid using Write-Host because it might not work in all hosts, does not work when there is no host, and (prior to PS 5.0) cannot be suppressed, captured, or redirected. Instead, use Write-Output, Write-Verbose, or Write-Information.",,,,,,,,,,,,
psscriptanalyzer,D:\Intellicrack\tools\AdobeInjector\Source\GenP.v3.7.1\v3.7.1-Source\build.ps1,448,1,Warning,PSAvoidUsingWriteHost,PSAvoidUsingWriteHost,"File 'build.ps1' uses Write-Host. Avoid using Write-Host because it might not work in all hosts, does not work when there is no host, and (prior to PS 5.0) cannot be suppressed, captured, or redirected. Instead, use Write-Output, Write-Verbose, or Write-Information.",,,,,,,,,,,,
psscriptanalyzer,D:\Intellicrack\tools\AdobeInjector\Source\GenP.v3.7.1\v3.7.1-Source\build.ps1,449,1,Warning,PSAvoidUsingWriteHost,PSAvoidUsingWriteHost,"File 'build.ps1' uses Write-Host. Avoid using Write-Host because it might not work in all hosts, does not work when there is no host, and (prior to PS 5.0) cannot be suppressed, captured, or redirected. Instead, use Write-Output, Write-Verbose, or Write-Information.",,,,,,,,,,,,
psscriptanalyzer,D:\Intellicrack\tools\AdobeInjector\Source\GenP.v3.7.1\v3.7.1-Source\build.ps1,76,10,Warning,PSUseApprovedVerbs,PSUseApprovedVerbs,The cmdlet 'Download-File' uses an unapproved verb.,,,,,,,,,,,,
psscriptanalyzer,D:\Intellicrack\tools\AdobeInjector\Source\GenP.v3.7.1\v3.7.1-Source\build.ps1,215,1,Information,PSAvoidTrailingWhitespace,PSAvoidTrailingWhitespace,Line has trailing whitespace,,,,,,,,,,,,
psscriptanalyzer,D:\Intellicrack\tools\AdobeInjector\Source\GenP.v3.7.1\v3.7.1-Source\build.ps1,229,1,Information,PSAvoidTrailingWhitespace,PSAvoidTrailingWhitespace,Line has trailing whitespace,,,,,,,,,,,,
psscriptanalyzer,D:\Intellicrack\tools\AdobeInjector\Source\GenP.v3.7.1\v3.7.1-Source\build.ps1,234,1,Information,PSAvoidTrailingWhitespace,PSAvoidTrailingWhitespace,Line has trailing whitespace,,,,,,,,,,,,
psscriptanalyzer,D:\Intellicrack\tools\AdobeInjector\Source\GenP.v3.7.1\v3.7.1-Source\build.ps1,244,1,Information,PSAvoidTrailingWhitespace,PSAvoidTrailingWhitespace,Line has trailing whitespace,,,,,,,,,,,,
psscriptanalyzer,D:\Intellicrack\tools\AdobeInjector\Source\GenP.v3.7.1\v3.7.1-Source\build.ps1,251,1,Information,PSAvoidTrailingWhitespace,PSAvoidTrailingWhitespace,Line has trailing whitespace,,,,,,,,,,,,
psscriptanalyzer,D:\Intellicrack\tools\AdobeInjector\Source\GenP.v3.7.1\v3.7.1-Source\build.ps1,302,1,Information,PSAvoidTrailingWhitespace,PSAvoidTrailingWhitespace,Line has trailing whitespace,,,,,,,,,,,,
psscriptanalyzer,D:\Intellicrack\tools\AdobeInjector\Source\GenP.v3.7.1\v3.7.1-Source\build.ps1,305,1,Information,PSAvoidTrailingWhitespace,PSAvoidTrailingWhitespace,Line has trailing whitespace,,,,,,,,,,,,
psscriptanalyzer,D:\Intellicrack\tools\AdobeInjector\Source\GenP.v3.7.1\v3.7.1-Source\build.ps1,319,1,Information,PSAvoidTrailingWhitespace,PSAvoidTrailingWhitespace,Line has trailing whitespace,,,,,,,,,,,,
psscriptanalyzer,D:\Intellicrack\tools\AdobeInjector\Source\GenP.v3.7.1\v3.7.1-Source\build.ps1,324,1,Information,PSAvoidTrailingWhitespace,PSAvoidTrailingWhitespace,Line has trailing whitespace,,,,,,,,,,,,
psscriptanalyzer,D:\Intellicrack\tools\AdobeInjector\Source\GenP.v3.7.1\v3.7.1-Source\build.ps1,342,1,Information,PSAvoidTrailingWhitespace,PSAvoidTrailingWhitespace,Line has trailing whitespace,,,,,,,,,,,,
psscriptanalyzer,D:\Intellicrack\tools\AdobeInjector\Source\GenP.v3.7.1\v3.7.1-Source\build.ps1,345,1,Information,PSAvoidTrailingWhitespace,PSAvoidTrailingWhitespace,Line has trailing whitespace,,,,,,,,,,,,
psscriptanalyzer,D:\Intellicrack\tools\AdobeInjector\Source\GenP.v3.7.1\v3.7.1-Source\build.ps1,359,1,Information,PSAvoidTrailingWhitespace,PSAvoidTrailingWhitespace,Line has trailing whitespace,,,,,,,,,,,,
psscriptanalyzer,D:\Intellicrack\tools\AdobeInjector\Source\GenP.v3.7.1\v3.7.1-Source\build.ps1,364,1,Information,PSAvoidTrailingWhitespace,PSAvoidTrailingWhitespace,Line has trailing whitespace,,,,,,,,,,,,
psscriptanalyzer,D:\Intellicrack\CLI Coding\UpdateTools.ps1,14,3,Warning,PSAvoidUsingEmptyCatchBlock,PSAvoidUsingEmptyCatchBlock,Empty catch block is used. Please use Write-Error or throw statements in catch blocks.,,,,,,,,,,,,
psscriptanalyzer,D:\Intellicrack\CLI Coding\UpdateTools.ps1,17,1,Warning,PSAvoidUsingWriteHost,PSAvoidUsingWriteHost,"File 'UpdateTools.ps1' uses Write-Host. Avoid using Write-Host because it might not work in all hosts, does not work when there is no host, and (prior to PS 5.0) cannot be suppressed, captured, or redirected. Instead, use Write-Output, Write-Verbose, or Write-Information.",,,,,,,,,,,,
psscriptanalyzer,D:\Intellicrack\CLI Coding\UpdateTools.ps1,18,1,Warning,PSAvoidUsingWriteHost,PSAvoidUsingWriteHost,"File 'UpdateTools.ps1' uses Write-Host. Avoid using Write-Host because it might not work in all hosts, does not work when there is no host, and (prior to PS 5.0) cannot be suppressed, captured, or redirected. Instead, use Write-Output, Write-Verbose, or Write-Information.",,,,,,,,,,,,
psscriptanalyzer,D:\Intellicrack\CLI Coding\UpdateTools.ps1,19,1,Warning,PSAvoidUsingWriteHost,PSAvoidUsingWriteHost,"File 'UpdateTools.ps1' uses Write-Host. Avoid using Write-Host because it might not work in all hosts, does not work when there is no host, and (prior to PS 5.0) cannot be suppressed, captured, or redirected. Instead, use Write-Output, Write-Verbose, or Write-Information.",,,,,,,,,,,,
psscriptanalyzer,D:\Intellicrack\CLI Coding\UpdateTools.ps1,20,1,Warning,PSAvoidUsingWriteHost,PSAvoidUsingWriteHost,"File 'UpdateTools.ps1' uses Write-Host. Avoid using Write-Host because it might not work in all hosts, does not work when there is no host, and (prior to PS 5.0) cannot be suppressed, captured, or redirected. Instead, use Write-Output, Write-Verbose, or Write-Information.",,,,,,,,,,,,
psscriptanalyzer,D:\Intellicrack\CLI Coding\UpdateTools.ps1,22,1,Warning,PSAvoidUsingWriteHost,PSAvoidUsingWriteHost,"File 'UpdateTools.ps1' uses Write-Host. Avoid using Write-Host because it might not work in all hosts, does not work when there is no host, and (prior to PS 5.0) cannot be suppressed, captured, or redirected. Instead, use Write-Output, Write-Verbose, or Write-Information.",,,,,,,,,,,,
psscriptanalyzer,D:\Intellicrack\CLI Coding\UpdateTools.ps1,23,1,Warning,PSAvoidUsingWriteHost,PSAvoidUsingWriteHost,"File 'UpdateTools.ps1' uses Write-Host. Avoid using Write-Host because it might not work in all hosts, does not work when there is no host, and (prior to PS 5.0) cannot be suppressed, captured, or redirected. Instead, use Write-Output, Write-Verbose, or Write-Information.",,,,,,,,,,,,
psscriptanalyzer,D:\Intellicrack\CLI Coding\UpdateTools.ps1,24,1,Warning,PSAvoidUsingWriteHost,PSAvoidUsingWriteHost,"File 'UpdateTools.ps1' uses Write-Host. Avoid using Write-Host because it might not work in all hosts, does not work when there is no host, and (prior to PS 5.0) cannot be suppressed, captured, or redirected. Instead, use Write-Output, Write-Verbose, or Write-Information.",,,,,,,,,,,,
psscriptanalyzer,D:\Intellicrack\CLI Coding\UpdateTools.ps1,25,1,Warning,PSAvoidUsingWriteHost,PSAvoidUsingWriteHost,"File 'UpdateTools.ps1' uses Write-Host. Avoid using Write-Host because it might not work in all hosts, does not work when there is no host, and (prior to PS 5.0) cannot be suppressed, captured, or redirected. Instead, use Write-Output, Write-Verbose, or Write-Information.",,,,,,,,,,,,
psscriptanalyzer,D:\Intellicrack\CLI Coding\UpdateTools.ps1,27,1,Warning,PSAvoidUsingWriteHost,PSAvoidUsingWriteHost,"File 'UpdateTools.ps1' uses Write-Host. Avoid using Write-Host because it might not work in all hosts, does not work when there is no host, and (prior to PS 5.0) cannot be suppressed, captured, or redirected. Instead, use Write-Output, Write-Verbose, or Write-Information.",,,,,,,,,,,,
psscriptanalyzer,D:\Intellicrack\CLI Coding\UpdateTools.ps1,28,1,Warning,PSAvoidUsingWriteHost,PSAvoidUsingWriteHost,"File 'UpdateTools.ps1' uses Write-Host. Avoid using Write-Host because it might not work in all hosts, does not work when there is no host, and (prior to PS 5.0) cannot be suppressed, captured, or redirected. Instead, use Write-Output, Write-Verbose, or Write-Information.",,,,,,,,,,,,
psscriptanalyzer,D:\Intellicrack\CLI Coding\UpdateTools.ps1,29,1,Warning,PSAvoidUsingWriteHost,PSAvoidUsingWriteHost,"File 'UpdateTools.ps1' uses Write-Host. Avoid using Write-Host because it might not work in all hosts, does not work when there is no host, and (prior to PS 5.0) cannot be suppressed, captured, or redirected. Instead, use Write-Output, Write-Verbose, or Write-Information.",,,,,,,,,,,,
psscriptanalyzer,D:\Intellicrack\CLI Coding\UpdateTools.ps1,30,1,Warning,PSAvoidUsingWriteHost,PSAvoidUsingWriteHost,"File 'UpdateTools.ps1' uses Write-Host. Avoid using Write-Host because it might not work in all hosts, does not work when there is no host, and (prior to PS 5.0) cannot be suppressed, captured, or redirected. Instead, use Write-Output, Write-Verbose, or Write-Information.",,,,,,,,,,,,
psscriptanalyzer,D:\Intellicrack\CLI Coding\UpdateTools.ps1,32,1,Warning,PSAvoidUsingWriteHost,PSAvoidUsingWriteHost,"File 'UpdateTools.ps1' uses Write-Host. Avoid using Write-Host because it might not work in all hosts, does not work when there is no host, and (prior to PS 5.0) cannot be suppressed, captured, or redirected. Instead, use Write-Output, Write-Verbose, or Write-Information.",,,,,,,,,,,,
psscriptanalyzer,D:\Intellicrack\CLI Coding\UpdateTools.ps1,33,1,Warning,PSAvoidUsingWriteHost,PSAvoidUsingWriteHost,"File 'UpdateTools.ps1' uses Write-Host. Avoid using Write-Host because it might not work in all hosts, does not work when there is no host, and (prior to PS 5.0) cannot be suppressed, captured, or redirected. Instead, use Write-Output, Write-Verbose, or Write-Information.",,,,,,,,,,,,
psscriptanalyzer,D:\Intellicrack\CLI Coding\UpdateTools.ps1,34,1,Warning,PSAvoidUsingWriteHost,PSAvoidUsingWriteHost,"File 'UpdateTools.ps1' uses Write-Host. Avoid using Write-Host because it might not work in all hosts, does not work when there is no host, and (prior to PS 5.0) cannot be suppressed, captured, or redirected. Instead, use Write-Output, Write-Verbose, or Write-Information.",,,,,,,,,,,,
psscriptanalyzer,D:\Intellicrack\CLI Coding\UpdateTools.ps1,35,1,Warning,PSAvoidUsingWriteHost,PSAvoidUsingWriteHost,"File 'UpdateTools.ps1' uses Write-Host. Avoid using Write-Host because it might not work in all hosts, does not work when there is no host, and (prior to PS 5.0) cannot be suppressed, captured, or redirected. Instead, use Write-Output, Write-Verbose, or Write-Information.",,,,,,,,,,,,
psscriptanalyzer,D:\Intellicrack\CLI Coding\UpdateTools.ps1,37,1,Warning,PSAvoidUsingWriteHost,PSAvoidUsingWriteHost,"File 'UpdateTools.ps1' uses Write-Host. Avoid using Write-Host because it might not work in all hosts, does not work when there is no host, and (prior to PS 5.0) cannot be suppressed, captured, or redirected. Instead, use Write-Output, Write-Verbose, or Write-Information.",,,,,,,,,,,,
psscriptanalyzer,D:\Intellicrack\CLI Coding\UpdateTools.ps1,38,1,Warning,PSAvoidUsingWriteHost,PSAvoidUsingWriteHost,"File 'UpdateTools.ps1' uses Write-Host. Avoid using Write-Host because it might not work in all hosts, does not work when there is no host, and (prior to PS 5.0) cannot be suppressed, captured, or redirected. Instead, use Write-Output, Write-Verbose, or Write-Information.",,,,,,,,,,,,
psscriptanalyzer,D:\Intellicrack\CLI Coding\UpdateTools.ps1,39,1,Warning,PSAvoidUsingWriteHost,PSAvoidUsingWriteHost,"File 'UpdateTools.ps1' uses Write-Host. Avoid using Write-Host because it might not work in all hosts, does not work when there is no host, and (prior to PS 5.0) cannot be suppressed, captured, or redirected. Instead, use Write-Output, Write-Verbose, or Write-Information.",,,,,,,,,,,,
psscriptanalyzer,D:\Intellicrack\CLI Coding\UpdateTools.ps1,40,1,Warning,PSAvoidUsingWriteHost,PSAvoidUsingWriteHost,"File 'UpdateTools.ps1' uses Write-Host. Avoid using Write-Host because it might not work in all hosts, does not work when there is no host, and (prior to PS 5.0) cannot be suppressed, captured, or redirected. Instead, use Write-Output, Write-Verbose, or Write-Information.",,,,,,,,,,,,
psscriptanalyzer,D:\Intellicrack\CLI Coding\UpdateTools.ps1,42,1,Warning,PSAvoidUsingWriteHost,PSAvoidUsingWriteHost,"File 'UpdateTools.ps1' uses Write-Host. Avoid using Write-Host because it might not work in all hosts, does not work when there is no host, and (prior to PS 5.0) cannot be suppressed, captured, or redirected. Instead, use Write-Output, Write-Verbose, or Write-Information.",,,,,,,,,,,,
psscriptanalyzer,D:\Intellicrack\CLI Coding\UpdateTools.ps1,43,1,Warning,PSAvoidUsingWriteHost,PSAvoidUsingWriteHost,"File 'UpdateTools.ps1' uses Write-Host. Avoid using Write-Host because it might not work in all hosts, does not work when there is no host, and (prior to PS 5.0) cannot be suppressed, captured, or redirected. Instead, use Write-Output, Write-Verbose, or Write-Information.",,,,,,,,,,,,
psscriptanalyzer,D:\Intellicrack\CLI Coding\UpdateTools.ps1,44,1,Warning,PSAvoidUsingWriteHost,PSAvoidUsingWriteHost,"File 'UpdateTools.ps1' uses Write-Host. Avoid using Write-Host because it might not work in all hosts, does not work when there is no host, and (prior to PS 5.0) cannot be suppressed, captured, or redirected. Instead, use Write-Output, Write-Verbose, or Write-Information.",,,,,,,,,,,,
psscriptanalyzer,D:\Intellicrack\CLI Coding\UpdateTools.ps1,45,1,Warning,PSAvoidUsingWriteHost,PSAvoidUsingWriteHost,"File 'UpdateTools.ps1' uses Write-Host. Avoid using Write-Host because it might not work in all hosts, does not work when there is no host, and (prior to PS 5.0) cannot be suppressed, captured, or redirected. Instead, use Write-Output, Write-Verbose, or Write-Information.",,,,,,,,,,,,
psscriptanalyzer,D:\Intellicrack\CLI Coding\UpdateTools.ps1,47,1,Warning,PSAvoidUsingWriteHost,PSAvoidUsingWriteHost,"File 'UpdateTools.ps1' uses Write-Host. Avoid using Write-Host because it might not work in all hosts, does not work when there is no host, and (prior to PS 5.0) cannot be suppressed, captured, or redirected. Instead, use Write-Output, Write-Verbose, or Write-Information.",,,,,,,,,,,,
psscriptanalyzer,D:\Intellicrack\CLI Coding\UpdateTools.ps1,48,1,Warning,PSAvoidUsingWriteHost,PSAvoidUsingWriteHost,"File 'UpdateTools.ps1' uses Write-Host. Avoid using Write-Host because it might not work in all hosts, does not work when there is no host, and (prior to PS 5.0) cannot be suppressed, captured, or redirected. Instead, use Write-Output, Write-Verbose, or Write-Information.",,,,,,,,,,,,
psscriptanalyzer,D:\Intellicrack\CLI Coding\UpdateTools.ps1,49,1,Warning,PSAvoidUsingWriteHost,PSAvoidUsingWriteHost,"File 'UpdateTools.ps1' uses Write-Host. Avoid using Write-Host because it might not work in all hosts, does not work when there is no host, and (prior to PS 5.0) cannot be suppressed, captured, or redirected. Instead, use Write-Output, Write-Verbose, or Write-Information.",,,,,,,,,,,,
psscriptanalyzer,D:\Intellicrack\CLI Coding\UpdateTools.ps1,50,1,Warning,PSAvoidUsingWriteHost,PSAvoidUsingWriteHost,"File 'UpdateTools.ps1' uses Write-Host. Avoid using Write-Host because it might not work in all hosts, does not work when there is no host, and (prior to PS 5.0) cannot be suppressed, captured, or redirected. Instead, use Write-Output, Write-Verbose, or Write-Information.",,,,,,,,,,,,
psscriptanalyzer,D:\Intellicrack\CLI Coding\UpdateTools.ps1,52,1,Warning,PSAvoidUsingWriteHost,PSAvoidUsingWriteHost,"File 'UpdateTools.ps1' uses Write-Host. Avoid using Write-Host because it might not work in all hosts, does not work when there is no host, and (prior to PS 5.0) cannot be suppressed, captured, or redirected. Instead, use Write-Output, Write-Verbose, or Write-Information.",,,,,,,,,,,,
psscriptanalyzer,D:\Intellicrack\CLI Coding\UpdateTools.ps1,53,1,Warning,PSAvoidUsingWriteHost,PSAvoidUsingWriteHost,"File 'UpdateTools.ps1' uses Write-Host. Avoid using Write-Host because it might not work in all hosts, does not work when there is no host, and (prior to PS 5.0) cannot be suppressed, captured, or redirected. Instead, use Write-Output, Write-Verbose, or Write-Information.",,,,,,,,,,,,
psscriptanalyzer,D:\Intellicrack\CLI Coding\UpdateTools.ps1,54,1,Warning,PSAvoidUsingWriteHost,PSAvoidUsingWriteHost,"File 'UpdateTools.ps1' uses Write-Host. Avoid using Write-Host because it might not work in all hosts, does not work when there is no host, and (prior to PS 5.0) cannot be suppressed, captured, or redirected. Instead, use Write-Output, Write-Verbose, or Write-Information.",,,,,,,,,,,,
psscriptanalyzer,D:\Intellicrack\CLI Coding\UpdateTools.ps1,55,1,Warning,PSAvoidUsingWriteHost,PSAvoidUsingWriteHost,"File 'UpdateTools.ps1' uses Write-Host. Avoid using Write-Host because it might not work in all hosts, does not work when there is no host, and (prior to PS 5.0) cannot be suppressed, captured, or redirected. Instead, use Write-Output, Write-Verbose, or Write-Information.",,,,,,,,,,,,
psscriptanalyzer,D:\Intellicrack\CLI Coding\UpdateTools.ps1,57,1,Warning,PSAvoidUsingWriteHost,PSAvoidUsingWriteHost,"File 'UpdateTools.ps1' uses Write-Host. Avoid using Write-Host because it might not work in all hosts, does not work when there is no host, and (prior to PS 5.0) cannot be suppressed, captured, or redirected. Instead, use Write-Output, Write-Verbose, or Write-Information.",,,,,,,,,,,,
psscriptanalyzer,D:\Intellicrack\CLI Coding\UpdateTools.ps1,58,1,Warning,PSAvoidUsingWriteHost,PSAvoidUsingWriteHost,"File 'UpdateTools.ps1' uses Write-Host. Avoid using Write-Host because it might not work in all hosts, does not work when there is no host, and (prior to PS 5.0) cannot be suppressed, captured, or redirected. Instead, use Write-Output, Write-Verbose, or Write-Information.",,,,,,,,,,,,
psscriptanalyzer,D:\Intellicrack\CLI Coding\UpdateTools.ps1,59,1,Warning,PSAvoidUsingWriteHost,PSAvoidUsingWriteHost,"File 'UpdateTools.ps1' uses Write-Host. Avoid using Write-Host because it might not work in all hosts, does not work when there is no host, and (prior to PS 5.0) cannot be suppressed, captured, or redirected. Instead, use Write-Output, Write-Verbose, or Write-Information.",,,,,,,,,,,,
psscriptanalyzer,D:\Intellicrack\CLI Coding\UpdateTools.ps1,60,1,Warning,PSAvoidUsingWriteHost,PSAvoidUsingWriteHost,"File 'UpdateTools.ps1' uses Write-Host. Avoid using Write-Host because it might not work in all hosts, does not work when there is no host, and (prior to PS 5.0) cannot be suppressed, captured, or redirected. Instead, use Write-Output, Write-Verbose, or Write-Information.",,,,,,,,,,,,
psscriptanalyzer,D:\Intellicrack\CLI Coding\UpdateTools.ps1,63,1,Warning,PSAvoidUsingWriteHost,PSAvoidUsingWriteHost,"File 'UpdateTools.ps1' uses Write-Host. Avoid using Write-Host because it might not work in all hosts, does not work when there is no host, and (prior to PS 5.0) cannot be suppressed, captured, or redirected. Instead, use Write-Output, Write-Verbose, or Write-Information.",,,,,,,,,,,,
psscriptanalyzer,D:\Intellicrack\CLI Coding\UpdateTools.ps1,64,1,Warning,PSAvoidUsingWriteHost,PSAvoidUsingWriteHost,"File 'UpdateTools.ps1' uses Write-Host. Avoid using Write-Host because it might not work in all hosts, does not work when there is no host, and (prior to PS 5.0) cannot be suppressed, captured, or redirected. Instead, use Write-Output, Write-Verbose, or Write-Information.",,,,,,,,,,,,
psscriptanalyzer,D:\Intellicrack\CLI Coding\UpdateTools.ps1,65,1,Warning,PSAvoidUsingWriteHost,PSAvoidUsingWriteHost,"File 'UpdateTools.ps1' uses Write-Host. Avoid using Write-Host because it might not work in all hosts, does not work when there is no host, and (prior to PS 5.0) cannot be suppressed, captured, or redirected. Instead, use Write-Output, Write-Verbose, or Write-Information.",,,,,,,,,,,,
psscriptanalyzer,D:\Intellicrack\CLI Coding\UpdateTools.ps1,66,1,Warning,PSAvoidUsingWriteHost,PSAvoidUsingWriteHost,"File 'UpdateTools.ps1' uses Write-Host. Avoid using Write-Host because it might not work in all hosts, does not work when there is no host, and (prior to PS 5.0) cannot be suppressed, captured, or redirected. Instead, use Write-Output, Write-Verbose, or Write-Information.",,,,,,,,,,,,
psscriptanalyzer,D:\Intellicrack\CLI Coding\UpdateTools.ps1,68,1,Warning,PSAvoidUsingWriteHost,PSAvoidUsingWriteHost,"File 'UpdateTools.ps1' uses Write-Host. Avoid using Write-Host because it might not work in all hosts, does not work when there is no host, and (prior to PS 5.0) cannot be suppressed, captured, or redirected. Instead, use Write-Output, Write-Verbose, or Write-Information.",,,,,,,,,,,,
psscriptanalyzer,D:\Intellicrack\CLI Coding\UpdateTools.ps1,69,1,Warning,PSAvoidUsingWriteHost,PSAvoidUsingWriteHost,"File 'UpdateTools.ps1' uses Write-Host. Avoid using Write-Host because it might not work in all hosts, does not work when there is no host, and (prior to PS 5.0) cannot be suppressed, captured, or redirected. Instead, use Write-Output, Write-Verbose, or Write-Information.",,,,,,,,,,,,
psscriptanalyzer,D:\Intellicrack\CLI Coding\UpdateTools.ps1,70,1,Warning,PSAvoidUsingWriteHost,PSAvoidUsingWriteHost,"File 'UpdateTools.ps1' uses Write-Host. Avoid using Write-Host because it might not work in all hosts, does not work when there is no host, and (prior to PS 5.0) cannot be suppressed, captured, or redirected. Instead, use Write-Output, Write-Verbose, or Write-Information.",,,,,,,,,,,,
psscriptanalyzer,D:\Intellicrack\CLI Coding\UpdateTools.ps1,71,1,Warning,PSAvoidUsingWriteHost,PSAvoidUsingWriteHost,"File 'UpdateTools.ps1' uses Write-Host. Avoid using Write-Host because it might not work in all hosts, does not work when there is no host, and (prior to PS 5.0) cannot be suppressed, captured, or redirected. Instead, use Write-Output, Write-Verbose, or Write-Information.",,,,,,,,,,,,
psscriptanalyzer,D:\Intellicrack\CLI Coding\UpdateTools.ps1,72,1,Warning,PSAvoidUsingWriteHost,PSAvoidUsingWriteHost,"File 'UpdateTools.ps1' uses Write-Host. Avoid using Write-Host because it might not work in all hosts, does not work when there is no host, and (prior to PS 5.0) cannot be suppressed, captured, or redirected. Instead, use Write-Output, Write-Verbose, or Write-Information.",,,,,,,,,,,,
psscriptanalyzer,D:\Intellicrack\CLI Coding\UpdateTools.ps1,73,1,Warning,PSAvoidUsingWriteHost,PSAvoidUsingWriteHost,"File 'UpdateTools.ps1' uses Write-Host. Avoid using Write-Host because it might not work in all hosts, does not work when there is no host, and (prior to PS 5.0) cannot be suppressed, captured, or redirected. Instead, use Write-Output, Write-Verbose, or Write-Information.",,,,,,,,,,,,
psscriptanalyzer,D:\Intellicrack\CLI Coding\UpdateTools.ps1,74,1,Warning,PSAvoidUsingWriteHost,PSAvoidUsingWriteHost,"File 'UpdateTools.ps1' uses Write-Host. Avoid using Write-Host because it might not work in all hosts, does not work when there is no host, and (prior to PS 5.0) cannot be suppressed, captured, or redirected. Instead, use Write-Output, Write-Verbose, or Write-Information.",,,,,,,,,,,,
psscriptanalyzer,D:\Intellicrack\tools\ghidra\Ghidra\Debug\Debugger-rmi-trace\data\support\setuputils.ps1,89,3,Warning,PSAvoidUsingWriteHost,PSAvoidUsingWriteHost,"File 'setuputils.ps1' uses Write-Host. Avoid using Write-Host because it might not work in all hosts, does not work when there is no host, and (prior to PS 5.0) cannot be suppressed, captured, or redirected. Instead, use Write-Output, Write-Verbose, or Write-Information.",,,,,,,,,,,,
psscriptanalyzer,D:\Intellicrack\tools\ghidra\Ghidra\Debug\Debugger-rmi-trace\data\support\setuputils.ps1,95,3,Warning,PSAvoidUsingWriteHost,PSAvoidUsingWriteHost,"File 'setuputils.ps1' uses Write-Host. Avoid using Write-Host because it might not work in all hosts, does not work when there is no host, and (prior to PS 5.0) cannot be suppressed, captured, or redirected. Instead, use Write-Output, Write-Verbose, or Write-Information.",,,,,,,,,,,,
psscriptanalyzer,D:\Intellicrack\tools\ghidra\Ghidra\Debug\Debugger-rmi-trace\data\support\setuputils.ps1,96,3,Warning,PSAvoidUsingWriteHost,PSAvoidUsingWriteHost,"File 'setuputils.ps1' uses Write-Host. Avoid using Write-Host because it might not work in all hosts, does not work when there is no host, and (prior to PS 5.0) cannot be suppressed, captured, or redirected. Instead, use Write-Output, Write-Verbose, or Write-Information.",,,,,,,,,,,,
psscriptanalyzer,D:\Intellicrack\tools\ghidra\Ghidra\Debug\Debugger-rmi-trace\data\support\setuputils.ps1,97,3,Warning,PSAvoidUsingWriteHost,PSAvoidUsingWriteHost,"File 'setuputils.ps1' uses Write-Host. Avoid using Write-Host because it might not work in all hosts, does not work when there is no host, and (prior to PS 5.0) cannot be suppressed, captured, or redirected. Instead, use Write-Output, Write-Verbose, or Write-Information.",,,,,,,,,,,,
psscriptanalyzer,D:\Intellicrack\tools\ghidra\Ghidra\Debug\Debugger-rmi-trace\data\support\setuputils.ps1,98,3,Warning,PSAvoidUsingWriteHost,PSAvoidUsingWriteHost,"File 'setuputils.ps1' uses Write-Host. Avoid using Write-Host because it might not work in all hosts, does not work when there is no host, and (prior to PS 5.0) cannot be suppressed, captured, or redirected. Instead, use Write-Output, Write-Verbose, or Write-Information.",,,,,,,,,,,,
psscriptanalyzer,D:\Intellicrack\tools\ghidra\Ghidra\Debug\Debugger-rmi-trace\data\support\setuputils.ps1,34,10,Warning,PSUseApprovedVerbs,PSUseApprovedVerbs,The cmdlet 'Ghidra-Module-PyPath' uses an unapproved verb.,,,,,,,,,,,,
psscriptanalyzer,D:\Intellicrack\tools\ghidra\Ghidra\Debug\Debugger-rmi-trace\data\support\setuputils.ps1,50,10,Warning,PSUseApprovedVerbs,PSUseApprovedVerbs,The cmdlet 'Ghidra-Module-PyDist' uses an unapproved verb.,,,,,,,,,,,,
psscriptanalyzer,D:\Intellicrack\tools\ghidra\Ghidra\Debug\Debugger-rmi-trace\data\support\setuputils.ps1,66,10,Warning,PSUseApprovedVerbs,PSUseApprovedVerbs,The cmdlet 'Compute-Ssh-Args' uses an unapproved verb.,,,,,,,,,,,,
psscriptanalyzer,D:\Intellicrack\tools\ghidra\Ghidra\Debug\Debugger-rmi-trace\data\support\setuputils.ps1,84,10,Warning,PSUseApprovedVerbs,PSUseApprovedVerbs,The cmdlet 'Check-Result-And-Prompt-Mitigation' uses an unapproved verb.,,,,,,,,,,,,
psscriptanalyzer,D:\Intellicrack\tools\ghidra\Ghidra\Debug\Debugger-rmi-trace\data\support\setuputils.ps1,104,10,Warning,PSUseApprovedVerbs,PSUseApprovedVerbs,The cmdlet 'Mitigate-Scp-PyModules' uses an unapproved verb.,,,,,,,,,,,,
psscriptanalyzer,D:\Intellicrack\tools\ghidra\Ghidra\Debug\Debugger-rmi-trace\data\support\setuputils.ps1,16,10,Warning,PSUseSingularNouns,PSUseSingularNouns,The cmdlet 'Find-App-Properties' uses a plural noun. A singular noun should be used instead.,,,,,,,,,,,,
psscriptanalyzer,D:\Intellicrack\tools\ghidra\Ghidra\Debug\Debugger-rmi-trace\data\support\setuputils.ps1,66,10,Warning,PSUseSingularNouns,PSUseSingularNouns,The cmdlet 'Compute-Ssh-Args' uses a plural noun. A singular noun should be used instead.,,,,,,,,,,,,
psscriptanalyzer,D:\Intellicrack\tools\ghidra\Ghidra\Debug\Debugger-rmi-trace\data\support\setuputils.ps1,104,10,Warning,PSUseSingularNouns,PSUseSingularNouns,The cmdlet 'Mitigate-Scp-PyModules' uses a plural noun. A singular noun should be used instead.,,,,,,,,,,,,
psscriptanalyzer,D:\Intellicrack\tools\ghidra\Ghidra\Debug\Debugger-agent-lldb\data\support\lldbsetuputils.ps1,68,10,Warning,PSUseApprovedVerbs,PSUseApprovedVerbs,The cmdlet 'Compute-Lldb-Usermode-Args' uses an unapproved verb.,,,,,,,,,,,,
psscriptanalyzer,D:\Intellicrack\tools\ghidra\Ghidra\Debug\Debugger-agent-lldb\data\support\lldbsetuputils.ps1,81,10,Warning,PSUseApprovedVerbs,PSUseApprovedVerbs,The cmdlet 'Compute-Lldb-Platform-Args' uses an unapproved verb.,,,,,,,,,,,,
psscriptanalyzer,D:\Intellicrack\tools\ghidra\Ghidra\Debug\Debugger-agent-lldb\data\support\lldbsetuputils.ps1,96,10,Warning,PSUseApprovedVerbs,PSUseApprovedVerbs,The cmdlet 'Compute-Lldb-Remote-Args' uses an unapproved verb.,,,,,,,,,,,,
psscriptanalyzer,D:\Intellicrack\tools\ghidra\Ghidra\Debug\Debugger-agent-lldb\data\support\lldbsetuputils.ps1,110,10,Warning,PSUseApprovedVerbs,PSUseApprovedVerbs,The cmdlet 'Compute-Lldb-PipInstall-Args' uses an unapproved verb.,,,,,,,,,,,,
psscriptanalyzer,D:\Intellicrack\tools\ghidra\Ghidra\Debug\Debugger-agent-lldb\data\support\lldbsetuputils.ps1,18,10,Warning,PSUseSingularNouns,PSUseSingularNouns,The cmdlet 'Add-Lldb-Init-Args' uses a plural noun. A singular noun should be used instead.,,,,,,,,,,,,
psscriptanalyzer,D:\Intellicrack\tools\ghidra\Ghidra\Debug\Debugger-agent-lldb\data\support\lldbsetuputils.ps1,29,10,Warning,PSUseSingularNouns,PSUseSingularNouns,The cmdlet 'Add-Lldb-Image-And-Args' uses a plural noun. A singular noun should be used instead.,,,,,,,,,,,,
psscriptanalyzer,D:\Intellicrack\tools\ghidra\Ghidra\Debug\Debugger-agent-lldb\data\support\lldbsetuputils.ps1,63,10,Warning,PSUseSingularNouns,PSUseSingularNouns,The cmdlet 'Add-Lldb-Tail-Args' uses a plural noun. A singular noun should be used instead.,,,,,,,,,,,,
psscriptanalyzer,D:\Intellicrack\tools\ghidra\Ghidra\Debug\Debugger-agent-lldb\data\support\lldbsetuputils.ps1,68,10,Warning,PSUseSingularNouns,PSUseSingularNouns,The cmdlet 'Compute-Lldb-Usermode-Args' uses a plural noun. A singular noun should be used instead.,,,,,,,,,,,,
psscriptanalyzer,D:\Intellicrack\tools\ghidra\Ghidra\Debug\Debugger-agent-lldb\data\support\lldbsetuputils.ps1,81,10,Warning,PSUseSingularNouns,PSUseSingularNouns,The cmdlet 'Compute-Lldb-Platform-Args' uses a plural noun. A singular noun should be used instead.,,,,,,,,,,,,
psscriptanalyzer,D:\Intellicrack\tools\ghidra\Ghidra\Debug\Debugger-agent-lldb\data\support\lldbsetuputils.ps1,96,10,Warning,PSUseSingularNouns,PSUseSingularNouns,The cmdlet 'Compute-Lldb-Remote-Args' uses a plural noun. A singular noun should be used instead.,,,,,,,,,,,,
psscriptanalyzer,D:\Intellicrack\tools\ghidra\Ghidra\Debug\Debugger-agent-lldb\data\support\lldbsetuputils.ps1,110,10,Warning,PSUseSingularNouns,PSUseSingularNouns,The cmdlet 'Compute-Lldb-PipInstall-Args' uses a plural noun. A singular noun should be used instead.,,,,,,,,,,,,
psscriptanalyzer,D:\Intellicrack\tools\ghidra\Ghidra\Debug\Debugger-agent-lldb\data\support\lldbsetuputils.ps1,64,13,Warning,PSReviewUnusedParameter,PSReviewUnusedParameter,The parameter 'ArgList' has been declared but not used.,,,,,,,,,,,,
psscriptanalyzer,D:\Intellicrack\scripts\test_semgrep.ps1,5,1,Warning,PSAvoidUsingWriteHost,PSAvoidUsingWriteHost,"File 'test_semgrep.ps1' uses Write-Host. Avoid using Write-Host because it might not work in all hosts, does not work when there is no host, and (prior to PS 5.0) cannot be suppressed, captured, or redirected. Instead, use Write-Output, Write-Verbose, or Write-Information.",,,,,,,,,,,,
psscriptanalyzer,D:\Intellicrack\scripts\test_semgrep.ps1,7,1,Warning,PSAvoidUsingWriteHost,PSAvoidUsingWriteHost,"File 'test_semgrep.ps1' uses Write-Host. Avoid using Write-Host because it might not work in all hosts, does not work when there is no host, and (prior to PS 5.0) cannot be suppressed, captured, or redirected. Instead, use Write-Output, Write-Verbose, or Write-Information.",,,,,,,,,,,,
psscriptanalyzer,D:\Intellicrack\scripts\test_semgrep.ps1,11,5,Warning,PSAvoidUsingWriteHost,PSAvoidUsingWriteHost,"File 'test_semgrep.ps1' uses Write-Host. Avoid using Write-Host because it might not work in all hosts, does not work when there is no host, and (prior to PS 5.0) cannot be suppressed, captured, or redirected. Instead, use Write-Output, Write-Verbose, or Write-Information.",,,,,,,,,,,,
psscriptanalyzer,D:\Intellicrack\scripts\test_semgrep.ps1,13,5,Warning,PSAvoidUsingWriteHost,PSAvoidUsingWriteHost,"File 'test_semgrep.ps1' uses Write-Host. Avoid using Write-Host because it might not work in all hosts, does not work when there is no host, and (prior to PS 5.0) cannot be suppressed, captured, or redirected. Instead, use Write-Output, Write-Verbose, or Write-Information.",,,,,,,,,,,,
psscriptanalyzer,D:\Intellicrack\scripts\test_semgrep.ps1,17,1,Warning,PSAvoidUsingWriteHost,PSAvoidUsingWriteHost,"File 'test_semgrep.ps1' uses Write-Host. Avoid using Write-Host because it might not work in all hosts, does not work when there is no host, and (prior to PS 5.0) cannot be suppressed, captured, or redirected. Instead, use Write-Output, Write-Verbose, or Write-Information.",,,,,,,,,,,,
psscriptanalyzer,D:\Intellicrack\scripts\test_semgrep.ps1,20,5,Warning,PSAvoidUsingWriteHost,PSAvoidUsingWriteHost,"File 'test_semgrep.ps1' uses Write-Host. Avoid using Write-Host because it might not work in all hosts, does not work when there is no host, and (prior to PS 5.0) cannot be suppressed, captured, or redirected. Instead, use Write-Output, Write-Verbose, or Write-Information.",,,,,,,,,,,,
psscriptanalyzer,D:\Intellicrack\scripts\test_semgrep.ps1,22,5,Warning,PSAvoidUsingWriteHost,PSAvoidUsingWriteHost,"File 'test_semgrep.ps1' uses Write-Host. Avoid using Write-Host because it might not work in all hosts, does not work when there is no host, and (prior to PS 5.0) cannot be suppressed, captured, or redirected. Instead, use Write-Output, Write-Verbose, or Write-Information.",,,,,,,,,,,,
psscriptanalyzer,D:\Intellicrack\scripts\test_semgrep.ps1,27,1,Warning,PSAvoidUsingWriteHost,PSAvoidUsingWriteHost,"File 'test_semgrep.ps1' uses Write-Host. Avoid using Write-Host because it might not work in all hosts, does not work when there is no host, and (prior to PS 5.0) cannot be suppressed, captured, or redirected. Instead, use Write-Output, Write-Verbose, or Write-Information.",,,,,,,,,,,,
psscriptanalyzer,D:\Intellicrack\scripts\test_semgrep.ps1,29,5,Warning,PSAvoidUsingWriteHost,PSAvoidUsingWriteHost,"File 'test_semgrep.ps1' uses Write-Host. Avoid using Write-Host because it might not work in all hosts, does not work when there is no host, and (prior to PS 5.0) cannot be suppressed, captured, or redirected. Instead, use Write-Output, Write-Verbose, or Write-Information.",,,,,,,,,,,,
psscriptanalyzer,D:\Intellicrack\tools\ghidra\Ghidra\Debug\Debugger-agent-gdb\data\support\gdbsetuputils.ps1,68,10,Warning,PSUseApprovedVerbs,PSUseApprovedVerbs,The cmdlet 'Compute-Gdb-Usermode-Args' uses an unapproved verb.,,,,,,,,,,,,
psscriptanalyzer,D:\Intellicrack\tools\ghidra\Ghidra\Debug\Debugger-agent-gdb\data\support\gdbsetuputils.ps1,81,10,Warning,PSUseApprovedVerbs,PSUseApprovedVerbs,The cmdlet 'Compute-Gdb-Remote-Args' uses an unapproved verb.,,,,,,,,,,,,
psscriptanalyzer,D:\Intellicrack\tools\ghidra\Ghidra\Debug\Debugger-agent-gdb\data\support\gdbsetuputils.ps1,96,10,Warning,PSUseApprovedVerbs,PSUseApprovedVerbs,The cmdlet 'Compute-Gdb-PipInstall-Args' uses an unapproved verb.,,,,,,,,,,,,
psscriptanalyzer,D:\Intellicrack\tools\ghidra\Ghidra\Debug\Debugger-agent-gdb\data\support\gdbsetuputils.ps1,18,10,Warning,PSUseSingularNouns,PSUseSingularNouns,The cmdlet 'Add-Gdb-Init-Args' uses a plural noun. A singular noun should be used instead.,,,,,,,,,,,,
psscriptanalyzer,D:\Intellicrack\tools\ghidra\Ghidra\Debug\Debugger-agent-gdb\data\support\gdbsetuputils.ps1,31,10,Warning,PSUseSingularNouns,PSUseSingularNouns,The cmdlet 'Add-Gdb-Image-And-Args' uses a plural noun. A singular noun should be used instead.,,,,,,,,,,,,
psscriptanalyzer,D:\Intellicrack\tools\ghidra\Ghidra\Debug\Debugger-agent-gdb\data\support\gdbsetuputils.ps1,61,10,Warning,PSUseSingularNouns,PSUseSingularNouns,The cmdlet 'Add-Gdb-Tail-Args' uses a plural noun. A singular noun should be used instead.,,,,,,,,,,,,
psscriptanalyzer,D:\Intellicrack\tools\ghidra\Ghidra\Debug\Debugger-agent-gdb\data\support\gdbsetuputils.ps1,68,10,Warning,PSUseSingularNouns,PSUseSingularNouns,The cmdlet 'Compute-Gdb-Usermode-Args' uses a plural noun. A singular noun should be used instead.,,,,,,,,,,,,
psscriptanalyzer,D:\Intellicrack\tools\ghidra\Ghidra\Debug\Debugger-agent-gdb\data\support\gdbsetuputils.ps1,81,10,Warning,PSUseSingularNouns,PSUseSingularNouns,The cmdlet 'Compute-Gdb-Remote-Args' uses a plural noun. A singular noun should be used instead.,,,,,,,,,,,,
psscriptanalyzer,D:\Intellicrack\tools\ghidra\Ghidra\Debug\Debugger-agent-gdb\data\support\gdbsetuputils.ps1,96,10,Warning,PSUseSingularNouns,PSUseSingularNouns,The cmdlet 'Compute-Gdb-PipInstall-Args' uses a plural noun. A singular noun should be used instead.,,,,,,,,,,,,
psscriptanalyzer,D:\Intellicrack\tools\AdobeInjector\Source\Rebranded\WinTrust\patch_wintrust.ps1,18,13,Warning,PSAvoidUsingWriteHost,PSAvoidUsingWriteHost,"File 'patch_wintrust.ps1' uses Write-Host. Avoid using Write-Host because it might not work in all hosts, does not work when there is no host, and (prior to PS 5.0) cannot be suppressed, captured, or redirected. Instead, use Write-Output, Write-Verbose, or Write-Information.",,,,,,,,,,,,
psscriptanalyzer,D:\Intellicrack\tools\AdobeInjector\Source\Rebranded\WinTrust\patch_wintrust.ps1,19,13,Warning,PSAvoidUsingWriteHost,PSAvoidUsingWriteHost,"File 'patch_wintrust.ps1' uses Write-Host. Avoid using Write-Host because it might not work in all hosts, does not work when there is no host, and (prior to PS 5.0) cannot be suppressed, captured, or redirected. Instead, use Write-Output, Write-Verbose, or Write-Information.",,,,,,,,,,,,
psscriptanalyzer,D:\Intellicrack\tools\AdobeInjector\Source\Rebranded\WinTrust\patch_wintrust.ps1,20,13,Warning,PSAvoidUsingWriteHost,PSAvoidUsingWriteHost,"File 'patch_wintrust.ps1' uses Write-Host. Avoid using Write-Host because it might not work in all hosts, does not work when there is no host, and (prior to PS 5.0) cannot be suppressed, captured, or redirected. Instead, use Write-Output, Write-Verbose, or Write-Information.",,,,,,,,,,,,
psscriptanalyzer,D:\Intellicrack\tools\AdobeInjector\Source\Rebranded\WinTrust\patch_wintrust.ps1,21,13,Warning,PSAvoidUsingWriteHost,PSAvoidUsingWriteHost,"File 'patch_wintrust.ps1' uses Write-Host. Avoid using Write-Host because it might not work in all hosts, does not work when there is no host, and (prior to PS 5.0) cannot be suppressed, captured, or redirected. Instead, use Write-Output, Write-Verbose, or Write-Information.",,,,,,,,,,,,
psscriptanalyzer,D:\Intellicrack\tools\AdobeInjector\Source\Rebranded\WinTrust\patch_wintrust.ps1,26,9,Warning,PSAvoidUsingWriteHost,PSAvoidUsingWriteHost,"File 'patch_wintrust.ps1' uses Write-Host. Avoid using Write-Host because it might not work in all hosts, does not work when there is no host, and (prior to PS 5.0) cannot be suppressed, captured, or redirected. Instead, use Write-Output, Write-Verbose, or Write-Information.",,,,,,,,,,,,
psscriptanalyzer,D:\Intellicrack\tools\AdobeInjector\Source\GenP.v3.7.1\v3.7.1-Source\WinTrust\patch_wintrust.ps1,17,9,Warning,PSAvoidUsingWriteHost,PSAvoidUsingWriteHost,"File 'patch_wintrust.ps1' uses Write-Host. Avoid using Write-Host because it might not work in all hosts, does not work when there is no host, and (prior to PS 5.0) cannot be suppressed, captured, or redirected. Instead, use Write-Output, Write-Verbose, or Write-Information.",,,,,,,,,,,,
psscriptanalyzer,D:\Intellicrack\tools\AdobeInjector\Source\GenP.v3.7.1\v3.7.1-Source\WinTrust\patch_wintrust.ps1,18,9,Warning,PSAvoidUsingWriteHost,PSAvoidUsingWriteHost,"File 'patch_wintrust.ps1' uses Write-Host. Avoid using Write-Host because it might not work in all hosts, does not work when there is no host, and (prior to PS 5.0) cannot be suppressed, captured, or redirected. Instead, use Write-Output, Write-Verbose, or Write-Information.",,,,,,,,,,,,
psscriptanalyzer,D:\Intellicrack\tools\AdobeInjector\Source\GenP.v3.7.1\v3.7.1-Source\WinTrust\patch_wintrust.ps1,19,9,Warning,PSAvoidUsingWriteHost,PSAvoidUsingWriteHost,"File 'patch_wintrust.ps1' uses Write-Host. Avoid using Write-Host because it might not work in all hosts, does not work when there is no host, and (prior to PS 5.0) cannot be suppressed, captured, or redirected. Instead, use Write-Output, Write-Verbose, or Write-Information.",,,,,,,,,,,,
psscriptanalyzer,D:\Intellicrack\tools\AdobeInjector\Source\GenP.v3.7.1\v3.7.1-Source\WinTrust\patch_wintrust.ps1,20,9,Warning,PSAvoidUsingWriteHost,PSAvoidUsingWriteHost,"File 'patch_wintrust.ps1' uses Write-Host. Avoid using Write-Host because it might not work in all hosts, does not work when there is no host, and (prior to PS 5.0) cannot be suppressed, captured, or redirected. Instead, use Write-Output, Write-Verbose, or Write-Information.",,,,,,,,,,,,
psscriptanalyzer,D:\Intellicrack\tools\resource_hacker\download_rh.ps1,5,1,Warning,PSAvoidUsingWriteHost,PSAvoidUsingWriteHost,"File 'download_rh.ps1' uses Write-Host. Avoid using Write-Host because it might not work in all hosts, does not work when there is no host, and (prior to PS 5.0) cannot be suppressed, captured, or redirected. Instead, use Write-Output, Write-Verbose, or Write-Information.",,,,,,,,,,,,
psscriptanalyzer,D:\Intellicrack\tools\resource_hacker\download_rh.ps1,8,1,Warning,PSAvoidUsingWriteHost,PSAvoidUsingWriteHost,"File 'download_rh.ps1' uses Write-Host. Avoid using Write-Host because it might not work in all hosts, does not work when there is no host, and (prior to PS 5.0) cannot be suppressed, captured, or redirected. Instead, use Write-Output, Write-Verbose, or Write-Information.",,,,,,,,,,,,
psscriptanalyzer,D:\Intellicrack\tools\resource_hacker\download_rh.ps1,9,1,Warning,PSAvoidUsingWriteHost,PSAvoidUsingWriteHost,"File 'download_rh.ps1' uses Write-Host. Avoid using Write-Host because it might not work in all hosts, does not work when there is no host, and (prior to PS 5.0) cannot be suppressed, captured, or redirected. Instead, use Write-Output, Write-Verbose, or Write-Information.",,,,,,,,,,,,
psscriptanalyzer,D:\Intellicrack\tools\ghidra\Ghidra\Debug\Debugger-agent-gdb\data\debugger-launchers\remote-gdb.ps1,21,109,Information,PSAvoidTrailingWhitespace,PSAvoidTrailingWhitespace,Line has trailing whitespace,,,,,,,,,,,,
psscriptanalyzer,D:\Intellicrack\tools\ghidra\Ghidra\Debug\Debugger-agent-gdb\data\debugger-launchers\remote-gdb.ps1,22,52,Information,PSAvoidTrailingWhitespace,PSAvoidTrailingWhitespace,Line has trailing whitespace,,,,,,,,,,,,
psscriptanalyzer,D:\Intellicrack\tools\ghidra\Ghidra\Debug\Debugger-agent-gdb\data\debugger-launchers\ssh-gdb.ps1,78,2,Warning,PSAvoidUsingWriteHost,PSAvoidUsingWriteHost,"File 'ssh-gdb.ps1' uses Write-Host. Avoid using Write-Host because it might not work in all hosts, does not work when there is no host, and (prior to PS 5.0) cannot be suppressed, captured, or redirected. Instead, use Write-Output, Write-Verbose, or Write-Information.",,,,,,,,,,,,
psscriptanalyzer,D:\Intellicrack\tools\ghidra\Ghidra\Debug\Debugger-agent-gdb\data\debugger-launchers\ssh-gdb.ps1,81,2,Warning,PSAvoidUsingWriteHost,PSAvoidUsingWriteHost,"File 'ssh-gdb.ps1' uses Write-Host. Avoid using Write-Host because it might not work in all hosts, does not work when there is no host, and (prior to PS 5.0) cannot be suppressed, captured, or redirected. Instead, use Write-Output, Write-Verbose, or Write-Information.",,,,,,,,,,,,
psscriptanalyzer,D:\Intellicrack\tools\ghidra\Ghidra\Debug\Debugger-agent-lldb\data\debugger-launchers\ssh-lldb.ps1,77,2,Warning,PSAvoidUsingWriteHost,PSAvoidUsingWriteHost,"File 'ssh-lldb.ps1' uses Write-Host. Avoid using Write-Host because it might not work in all hosts, does not work when there is no host, and (prior to PS 5.0) cannot be suppressed, captured, or redirected. Instead, use Write-Output, Write-Verbose, or Write-Information.",,,,,,,,,,,,
psscriptanalyzer,D:\Intellicrack\tools\ghidra\Ghidra\Debug\Debugger-agent-lldb\data\debugger-launchers\ssh-lldb.ps1,80,2,Warning,PSAvoidUsingWriteHost,PSAvoidUsingWriteHost,"File 'ssh-lldb.ps1' uses Write-Host. Avoid using Write-Host because it might not work in all hosts, does not work when there is no host, and (prior to PS 5.0) cannot be suppressed, captured, or redirected. Instead, use Write-Output, Write-Verbose, or Write-Information.",,,,,,,,,,,,
psscriptanalyzer,D:\Intellicrack\CLI Coding\Aider.ps1,12,3,Warning,PSAvoidUsingEmptyCatchBlock,PSAvoidUsingEmptyCatchBlock,Empty catch block is used. Please use Write-Error or throw statements in catch blocks.,,,,,,,,,,,,
psscriptanalyzer,D:\Intellicrack\CLI Coding\ClaudeCode.ps1,12,3,Warning,PSAvoidUsingEmptyCatchBlock,PSAvoidUsingEmptyCatchBlock,Empty catch block is used. Please use Write-Error or throw statements in catch blocks.,,,,,,,,,,,,
psscriptanalyzer,D:\Intellicrack\CLI Coding\Codex.ps1,12,3,Warning,PSAvoidUsingEmptyCatchBlock,PSAvoidUsingEmptyCatchBlock,Empty catch block is used. Please use Write-Error or throw statements in catch blocks.,,,,,,,,,,,,
psscriptanalyzer,D:\Intellicrack\CLI Coding\Gemini.ps1,12,3,Warning,PSAvoidUsingEmptyCatchBlock,PSAvoidUsingEmptyCatchBlock,Empty catch block is used. Please use Write-Error or throw statements in catch blocks.,,,,,,,,,,,,
psscriptanalyzer,D:\Intellicrack\CLI Coding\Grok.ps1,12,3,Warning,PSAvoidUsingEmptyCatchBlock,PSAvoidUsingEmptyCatchBlock,Empty catch block is used. Please use Write-Error or throw statements in catch blocks.,,,,,,,,,,,,
psscriptanalyzer,D:\Intellicrack\CLI Coding\Kimi.ps1,12,3,Warning,PSAvoidUsingEmptyCatchBlock,PSAvoidUsingEmptyCatchBlock,Empty catch block is used. Please use Write-Error or throw statements in catch blocks.,,,,,,,,,,,,
psscriptanalyzer,D:\Intellicrack\CLI Coding\Kiro.ps1,12,3,Warning,PSAvoidUsingEmptyCatchBlock,PSAvoidUsingEmptyCatchBlock,Empty catch block is used. Please use Write-Error or throw statements in catch blocks.,,,,,,,,,,,,
psscriptanalyzer,D:\Intellicrack\CLI Coding\OpenCode.ps1,12,3,Warning,PSAvoidUsingEmptyCatchBlock,PSAvoidUsingEmptyCatchBlock,Empty catch block is used. Please use Write-Error or throw statements in catch blocks.,,,,,,,,,,,,
psscriptanalyzer,D:\Intellicrack\CLI Coding\Qodo.ps1,12,3,Warning,PSAvoidUsingEmptyCatchBlock,PSAvoidUsingEmptyCatchBlock,Empty catch block is used. Please use Write-Error or throw statements in catch blocks.,,,,,,,,,,,,
psscriptanalyzer,D:\Intellicrack\CLI Coding\Qwen.ps1,12,3,Warning,PSAvoidUsingEmptyCatchBlock,PSAvoidUsingEmptyCatchBlock,Empty catch block is used. Please use Write-Error or throw statements in catch blocks.,,,,,,,,,,,,
psscriptanalyzer,D:\Intellicrack\tools\ghidra\Ghidra\Debug\Debugger-agent-gdb\data\debugger-launchers\qemu-sys-gdb.ps1,60,1,Warning,PSAvoidUsingCmdletAliases,PSAvoidUsingCmdletAliases,'sleep' is an alias of 'Start-Sleep'. Alias can introduce possible problems and make scripts hard to maintain. Please consider changing alias to its full content.,,,,,,,,,,,,
